
-- SETTINGS

SET @iTypeOrder = (SELECT MAX(`order`) FROM `sys_options_types` WHERE `group` = 'modules');
INSERT INTO `sys_options_types`(`group`, `name`, `caption`, `icon`, `order`) VALUES 
('modules', 'bx_organizations', '_bx_orgs', 'bx_organizations@modules/boonex/organizations/|std-icon.svg', IF(ISNULL(@iTypeOrder), 1, @iTypeOrder + 1));
SET @iTypeId = LAST_INSERT_ID();

INSERT INTO `sys_options_categories` (`type_id`, `name`, `caption`, `order`)
VALUES (@iTypeId, 'bx_organizations', '_bx_orgs', 1);
SET @iCategId = LAST_INSERT_ID();

INSERT INTO `sys_options` (`name`, `value`, `category_id`, `caption`, `type`, `extra`, `check`, `check_error`, `order`) VALUES
('bx_organizations_autoapproval', 'on', @iCategId, '_bx_orgs_option_autoapproval', 'select', 'a:2:{s:6:"module";s:16:"bx_organizations";s:6:"method";s:22:"get_options_activation";}', '', '', 1),
('bx_organizations_default_acl_level', '3', @iCategId, '_bx_orgs_option_default_acl_level', 'select', 'a:4:{s:6:"module";s:6:"system";s:6:"method";s:15:"get_memberships";s:6:"params";a:4:{s:11:"purchasable";b:0;s:6:"active";b:1;s:9:"translate";b:1;s:22:"filter_out_auto_levels";b:1;}s:5:"class";s:16:"TemplAclServices";}', '', '', 2),
('bx_organizations_redirect_aadd', 'profile', @iCategId, '_bx_orgs_option_redirect_aadd', 'select', 'a:2:{s:6:"module";s:16:"bx_organizations";s:6:"method";s:30:"get_options_redirect_after_add";}', '', '', 3),
('bx_organizations_redirect_aadd_custom_url', '', @iCategId, '_bx_orgs_option_redirect_aadd_custom_url', 'digit', '', '', '', 4),
('bx_organizations_num_connections_quick', '6', @iCategId, '_bx_orgs_option_num_connections_quick', 'digit', '', '', '', 10),
('bx_organizations_per_page_browse', '24', @iCategId, '_bx_orgs_option_per_page_browse', 'digit', '', '', '', 11),
('bx_organizations_num_rss', '10', @iCategId, '_bx_orgs_option_num_rss', 'digit', '', '', '', 12),
('bx_organizations_per_page_browse_showcase', '32', @iCategId, '_sys_option_per_page_browse_showcase', 'digit', '', '', '', 15),
('bx_organizations_per_page_browse_recommended', '10', @iCategId, '_sys_option_per_page_browse_recommended', 'digit', '', '', '', 16),
('bx_organizations_per_page_for_favorites_lists', '5', @iCategId, '_bx_orgs_option_per_page_for_favorites_lists', 'digit', '', '', '', 17),
('bx_organizations_searchable_fields', 'org_name,org_desc', @iCategId, '_bx_orgs_option_searchable_fields', 'list', 'a:2:{s:6:"module";s:16:"bx_organizations";s:6:"method";s:21:"get_searchable_fields";}', '', '', 20),
('bx_organizations_members_mode', '', @iCategId, '_bx_orgs_option_members_mode', 'select', 'a:2:{s:6:"module";s:16:"bx_organizations";s:6:"method";s:24:"get_options_members_mode";}', '', '', 25),
('bx_organizations_public_subscriptions', '', @iCategId, '_bx_orgs_option_public_subscriptions', 'checkbox', '', '', '', 30),
('bx_organizations_public_subscribed_me', '', @iCategId, '_bx_orgs_option_public_subscribed_me', 'checkbox', '', '', '', 31),
('bx_organizations_enable_subscribe_wo_join', '', @iCategId, '_bx_orgs_option_enable_subscribe_wo_join', 'checkbox', '', '', '', 32),
('bx_organizations_enable_profile_activation_letter', 'on', @iCategId, '_bx_orgs_option_enable_profile_activation_letter', 'checkbox', '', '', '', 33),
('bx_organizations_auto_activation_for_categories', 'on', @iCategId, '_bx_orgs_option_auto_activation_for_categories', 'checkbox', '', '', '', 35),
('bx_organizations_internal_notifications', '', @iCategId, '_bx_orgs_option_internal_notifications', 'checkbox', '', '', '', 40);

-- PAGES

-- PAGE: create profile
INSERT INTO `sys_objects_page`(`object`, `uri`, `title_system`, `title`, `module`, `layout_id`, `visible_for_levels`, `visible_for_levels_editable`, `url`, `meta_description`, `meta_keywords`, `meta_robots`, `cache_lifetime`, `cache_editable`, `deletable`, `override_class_name`, `override_class_file`) VALUES 
('bx_organizations_create_profile', 'create-organization-profile', '_bx_orgs_page_title_sys_create_profile', '_bx_orgs_page_title_create_profile', 'bx_organizations', 5, 2147483647, 1, 'page.php?i=create-organization-profile', '', '', '', 0, 1, 0, '', '');

INSERT INTO `sys_pages_blocks`(`object`, `cell_id`, `module`, `title`, `designbox_id`, `visible_for_levels`, `type`, `content`, `deletable`, `copyable`, `active`, `order`) VALUES
('bx_organizations_create_profile', 1, 'bx_organizations', '_bx_orgs_page_block_title_choose_type', 11, 2147483647, 'menu', 'sys_add_profile_vertical', 0, 1, 0, 0),
('bx_organizations_create_profile', 1, 'bx_organizations', '_bx_orgs_page_block_title_create_profile', 11, 2147483647, 'service', 'a:2:{s:6:\"module\";s:16:\"bx_organizations\";s:6:\"method\";s:13:\"entity_create\";}', 0, 1, 1, 1);

-- PAGE: view profile
INSERT INTO `sys_objects_page`(`object`, `uri`, `title_system`, `title`, `module`, `layout_id`, `visible_for_levels`, `visible_for_levels_editable`, `url`, `meta_description`, `meta_keywords`, `meta_robots`, `cache_lifetime`, `cache_editable`, `deletable`, `override_class_name`, `override_class_file`) VALUES 
('bx_organizations_view_profile', 'view-organization-profile', '_bx_orgs_page_title_sys_view_profile', '_bx_orgs_page_title_view_profile', 'bx_organizations', 7, 2147483647, 1, 'page.php?i=view-organization-profile', '', '', '', 0, 1, 0, 'BxOrgsPageEntry', 'modules/boonex/organizations/classes/BxOrgsPageEntry.php');

INSERT INTO `sys_pages_blocks`(`object`, `cell_id`, `module`, `title_system`, `title`, `designbox_id`, `visible_for_levels`, `type`, `content`, `deletable`, `copyable`, `active`, `order`) VALUES
('bx_organizations_view_profile', 0, 'bx_organizations', '_bx_orgs_page_block_title_sys_cover_block', '_bx_orgs_page_block_title_cover_block', 3, 2147483647, 'service', 'a:2:{s:6:\"module\";s:16:\"bx_organizations\";s:6:\"method\";s:12:\"entity_cover\";}', 0, 0, 1, 0),
('bx_organizations_view_profile', 0, 'bx_organizations', '', '_bx_orgs_page_block_title_profile_friends_mutual', 11, 2147483647, 'service', 'a:2:{s:6:\"module\";s:16:\"bx_organizations\";s:6:\"method\";s:22:\"profile_friends_mutual\";}', 0, 0, 1, 0),
('bx_organizations_view_profile', 2, 'bx_organizations', '', '_bx_orgs_page_block_title_profile_subscriptions', 11, 2147483647, 'service', 'a:2:{s:6:\"module\";s:16:\"bx_organizations\";s:6:\"method\";s:21:\"profile_subscriptions\";}', 0, 1, 0, 0),
('bx_organizations_view_profile', 2, 'bx_organizations', '', '_bx_orgs_page_block_title_profile_subscribed_me', 11, 2147483647, 'service', 'a:2:{s:6:\"module\";s:16:\"bx_organizations\";s:6:\"method\";s:21:\"profile_subscribed_me\";}', 0, 1, 0, 0),
('bx_organizations_view_profile', 2, 'bx_organizations', '', '_bx_orgs_page_block_title_profile_related_me', 11, 2147483647, 'service', 'a:2:{s:6:"module";s:16:"bx_organizations";s:6:"method";s:18:"profile_related_me";}', 0, 1, 0, 0),
('bx_organizations_view_profile', 2, 'bx_organizations', '', '_bx_orgs_page_block_title_profile_relations', 11, 2147483647, 'service', 'a:2:{s:6:"module";s:16:"bx_organizations";s:6:"method";s:17:"profile_relations";}', 0, 1, 0, 0),
('bx_organizations_view_profile', 2, 'bx_organizations', '', '_bx_orgs_page_block_title_profile_comments', 11, 2147483647, 'service', 'a:2:{s:6:\"module\";s:16:\"bx_organizations\";s:6:\"method\";s:15:\"entity_comments\";}', 0, 0, 0, 0),
('bx_organizations_view_profile', 2, 'bx_organizations', '', '_bx_orgs_page_block_title_profile_description', 13, 2147483647, 'service', 'a:2:{s:6:\"module\";s:16:\"bx_organizations\";s:6:\"method\";s:17:\"entity_text_block\";}', 0, 0, 1, 1),
('bx_organizations_view_profile', 2, 'bx_organizations', '', '_bx_orgs_page_block_title_fans', 11, 2147483647, 'service', 'a:2:{s:6:\"module\";s:16:\"bx_organizations\";s:6:\"method\";s:4:\"fans\";}', 0, 0, 1, 2),
('bx_organizations_view_profile', 2, 'bx_organizations', '', '_bx_orgs_page_block_title_profile_friends', 11, 2147483647, 'service', 'a:2:{s:6:\"module\";s:16:\"bx_organizations\";s:6:\"method\";s:15:\"profile_friends\";}', 0, 1, 1, 3),
('bx_organizations_view_profile', 3, 'bx_organizations', '', '_bx_orgs_page_block_title_profile_location', 13, 2147483647, 'service', 'a:2:{s:6:\"module\";s:16:\"bx_organizations\";s:6:\"method\";s:15:\"entity_location\";}', 0, 0, 0, 0),
('bx_organizations_view_profile', 3, 'bx_organizations', '', '_bx_orgs_page_block_title_profile_info', 11, 2147483647, 'service', 'a:2:{s:6:\"module\";s:16:\"bx_organizations\";s:6:\"method\";s:11:\"entity_info\";}', 0, 0, 1, 1),
('bx_organizations_view_profile', 3, 'bx_organizations', '', '_bx_orgs_page_block_title_profile_all_actions', 13, 2147483647, 'service', 'a:2:{s:6:"module";s:16:"bx_organizations";s:6:"method";s:18:"entity_all_actions";}', 0, 0, 0, 0),
('bx_organizations_view_profile', 3, 'bx_organizations', '', '_bx_orgs_page_block_title_profile_membership', 11, 2147483647, 'service', 'a:2:{s:6:\"module\";s:16:\"bx_organizations\";s:6:\"method\";s:18:\"profile_membership\";}', 0, 0, 1, 2),
('bx_organizations_view_profile', 3, 'bx_organizations', '', '_bx_orgs_page_block_title_admins', 11, 2147483647, 'service', 'a:2:{s:6:\"module\";s:16:\"bx_organizations\";s:6:\"method\";s:6:\"admins\";}', 0, 0, 1, 3),
('bx_organizations_view_profile', 3, 'bx_organizations', '', '_bx_orgs_page_block_title_profile_location', 3, 2147483647, 'service', 'a:4:{s:6:\"module\";s:6:\"system\";s:6:\"method\";s:13:\"locations_map\";s:6:\"params\";a:2:{i:0;s:16:\"bx_organizations\";i:1;s:12:\"{content_id}\";}s:5:\"class\";s:20:\"TemplServiceMetatags\";}', 0, 0, 1, 4),
('bx_organizations_view_profile', 2, 'bx_organizations', '', '_bx_orgs_page_block_title_entry_reports', 11, 2147483647, 'service', 'a:2:{s:6:\"module\";s:16:\"bx_organizations\";s:6:\"method\";s:14:\"entity_reports\";}', 0, 0, 1, 6);


-- PAGE: view closed profile 
INSERT INTO `sys_objects_page`(`object`, `uri`, `title_system`, `title`, `module`, `layout_id`, `visible_for_levels`, `visible_for_levels_editable`, `url`, `meta_description`, `meta_keywords`, `meta_robots`, `cache_lifetime`, `cache_editable`, `deletable`, `override_class_name`, `override_class_file`) VALUES 
('bx_organizations_view_profile_closed', 'view-organization-profile-closed', '_bx_orgs_page_title_sys_view_profile_closed', '_bx_orgs_page_title_view_profile', 'bx_organizations', 10, 2147483647, 1, 'page.php?i=view-organization-profile', '', '', '', 0, 1, 0, 'BxOrgsPageEntry', 'modules/boonex/organizations/classes/BxOrgsPageEntry.php');

INSERT INTO `sys_pages_blocks`(`object`, `cell_id`, `module`, `title_system`, `title`, `designbox_id`, `visible_for_levels`, `type`, `content`, `deletable`, `copyable`, `active`, `order`) VALUES 
('bx_organizations_view_profile_closed', 2, 'bx_organizations', '', '_bx_orgs_page_block_title_profile_info', 11, 2147483647, 'service', 'a:2:{s:6:\"module\";s:16:\"bx_organizations\";s:6:\"method\";s:11:\"entity_info\";}', 0, 0, 1, 0),
('bx_organizations_view_profile_closed', 3, 'bx_organizations', '', '_bx_orgs_page_block_title_fans', 11, 2147483647, 'service', 'a:2:{s:6:\"module\";s:16:\"bx_organizations\";s:6:\"method\";s:4:\"fans\";}', 0, 0, 1, 0);

-- PAGE: edit profile
INSERT INTO `sys_objects_page`(`object`, `uri`, `title_system`, `title`, `module`, `layout_id`, `visible_for_levels`, `visible_for_levels_editable`, `url`, `meta_description`, `meta_keywords`, `meta_robots`, `cache_lifetime`, `cache_editable`, `deletable`, `override_class_name`, `override_class_file`) VALUES 
('bx_organizations_edit_profile', 'edit-organization-profile', '_bx_orgs_page_title_sys_edit_profile', '_bx_orgs_page_title_edit_profile', 'bx_organizations', 5, 2147483647, 1, 'page.php?i=edit-organization-profile', '', '', '', 0, 1, 0, 'BxOrgsPageEntry', 'modules/boonex/organizations/classes/BxOrgsPageEntry.php');

INSERT INTO `sys_pages_blocks`(`object`, `cell_id`, `module`, `title`, `designbox_id`, `visible_for_levels`, `type`, `content`, `deletable`, `copyable`, `order`) VALUES 
('bx_organizations_edit_profile', 1, 'bx_organizations', '_bx_orgs_page_block_title_edit_profile', 11, 2147483647, 'service', 'a:2:{s:6:\"module\";s:16:\"bx_organizations\";s:6:\"method\";s:11:\"entity_edit\";}', 0, 0, 0);

-- PAGE: invite members
INSERT INTO `sys_objects_page`(`object`, `uri`, `title_system`, `title`, `module`, `layout_id`, `visible_for_levels`, `visible_for_levels_editable`, `url`, `meta_description`, `meta_keywords`, `meta_robots`, `cache_lifetime`, `cache_editable`, `deletable`, `override_class_name`, `override_class_file`) VALUES 
('bx_organizations_invite', 'invite-to-organization', '_bx_orgs_page_title_sys_invite_to_organization', '_bx_orgs_page_title_invite_to_organization', 'bx_organizations', 5, 2147483647, 1, 'page.php?i=invite-to-organization', '', '', '', 0, 1, 0, 'BxOrgsPageEntry', 'modules/boonex/organizations/classes/BxOrgsPageEntry.php');

INSERT INTO `sys_pages_blocks`(`object`, `cell_id`, `module`, `title`, `designbox_id`, `visible_for_levels`, `type`, `content`, `deletable`, `copyable`, `order`) VALUES 
('bx_organizations_invite', 1, 'bx_organizations', '_bx_orgs_page_block_title_invite_to_organization', 11, 2147483647, 'service', 'a:2:{s:6:\"module\";s:16:\"bx_organizations\";s:6:\"method\";s:13:\"entity_invite\";}', 0, 0, 0);

-- PAGE: delete profile
INSERT INTO `sys_objects_page`(`object`, `uri`, `title_system`, `title`, `module`, `layout_id`, `visible_for_levels`, `visible_for_levels_editable`, `url`, `meta_description`, `meta_keywords`, `meta_robots`, `cache_lifetime`, `cache_editable`, `deletable`, `override_class_name`, `override_class_file`) VALUES 
('bx_organizations_delete_profile', 'delete-organization-profile', '_bx_orgs_page_title_sys_delete_profile', '_bx_orgs_page_title_delete_profile', 'bx_organizations', 5, 2147483647, 1, 'page.php?i=delete-organization-profile', '', '', '', 0, 1, 0, 'BxOrgsPageEntry', 'modules/boonex/organizations/classes/BxOrgsPageEntry.php');

INSERT INTO `sys_pages_blocks`(`object`, `cell_id`, `module`, `title`, `designbox_id`, `visible_for_levels`, `type`, `content`, `deletable`, `copyable`, `order`) VALUES 
('bx_organizations_delete_profile', 1, 'bx_organizations', '_bx_orgs_page_block_title_delete_profile', 11, 2147483647, 'service', 'a:2:{s:6:\"module\";s:16:\"bx_organizations\";s:6:\"method\";s:13:\"entity_delete\";}', 0, 0, 0);

-- PAGE: join profile
INSERT INTO `sys_objects_page`(`object`, `uri`, `title_system`, `title`, `module`, `layout_id`, `visible_for_levels`, `visible_for_levels_editable`, `url`, `meta_description`, `meta_keywords`, `meta_robots`, `cache_lifetime`, `cache_editable`, `deletable`, `override_class_name`, `override_class_file`) VALUES 
('bx_organizations_join_profile', 'join-organization-profile', '_bx_orgs_page_title_sys_join_profile', '_bx_orgs_page_title_join_profile', 'bx_organizations', 5, 2147483647, 1, 'page.php?i=join-organization-profile', '', '', '', 0, 1, 0, 'BxOrgsPageEntry', 'modules/boonex/organizations/classes/BxOrgsPageEntry.php');

INSERT INTO `sys_pages_blocks`(`object`, `cell_id`, `module`, `title`, `designbox_id`, `visible_for_levels`, `type`, `content`, `deletable`, `copyable`, `order`) VALUES 
('bx_organizations_join_profile', 1, 'bx_organizations', '_bx_orgs_page_block_title_join_profile', 11, 2147483647, 'service', 'a:3:{s:6:"module";s:16:"bx_organizations";s:6:"method";s:11:"entity_join";s:6:"params";a:1:{i:0;s:12:"{profile_id}";}}', 0, 0, 0);

-- PAGE: profile info
INSERT INTO `sys_objects_page`(`object`, `uri`, `title_system`, `title`, `module`, `layout_id`, `visible_for_levels`, `visible_for_levels_editable`, `url`, `meta_description`, `meta_keywords`, `meta_robots`, `cache_lifetime`, `cache_editable`, `deletable`, `override_class_name`, `override_class_file`) VALUES 
('bx_organizations_profile_info', 'organization-profile-info', '_bx_orgs_page_title_sys_profile_info', '_bx_orgs_page_title_profile_info', 'bx_organizations', 5, 2147483647, 1, 'page.php?i=organization-profile-info', '', '', '', 0, 1, 0, 'BxOrgsPageEntry', 'modules/boonex/organizations/classes/BxOrgsPageEntry.php');

INSERT INTO `sys_pages_blocks`(`object`, `cell_id`, `module`, `title_system`, `title`, `designbox_id`, `visible_for_levels`, `type`, `content`, `deletable`, `copyable`, `active`, `order`) VALUES 
('bx_organizations_profile_info', 1, 'bx_organizations', '_bx_orgs_page_block_title_system_profile_info', '_bx_orgs_page_block_title_profile_info_link', 11, 2147483647, 'service', 'a:2:{s:6:\"module\";s:16:\"bx_organizations\";s:6:\"method\";s:16:\"entity_info_full\";}', 0, 0, 1, 1),
('bx_organizations_profile_info', 1, 'bx_organizations', '', '_bx_orgs_page_block_title_profile_description', 13, 2147483647, 'service', 'a:2:{s:6:\"module\";s:16:\"bx_organizations\";s:6:\"method\";s:17:\"entity_text_block\";}', 0, 0, 1, 2);

-- PAGE: manage profile pricing
INSERT INTO `sys_objects_page`(`object`, `uri`, `title_system`, `title`, `module`, `layout_id`, `visible_for_levels`, `visible_for_levels_editable`, `url`, `meta_description`, `meta_keywords`, `meta_robots`, `cache_lifetime`, `cache_editable`, `deletable`, `override_class_name`, `override_class_file`) VALUES 
('bx_organizations_profile_pricing', 'edit-organization-pricing', '_bx_orgs_page_title_sys_profile_pricing', '_bx_orgs_page_title_profile_pricing', 'bx_organizations', 5, 2147483647, 1, 'page.php?i=edit-organization-pricing', '', '', '', 0, 1, 0, 'BxOrgsPageEntry', 'modules/boonex/organizations/classes/BxOrgsPageEntry.php');

INSERT INTO `sys_pages_blocks`(`object`, `cell_id`, `module`, `title_system`, `title`, `designbox_id`, `visible_for_levels`, `type`, `content`, `deletable`, `copyable`, `active`, `order`) VALUES 
('bx_organizations_profile_pricing', 1, 'bx_organizations', '_bx_orgs_page_block_title_system_profile_pricing', '_bx_orgs_page_block_title_profile_pricing_link', 11, 2147483647, 'service', 'a:3:{s:6:"module";s:16:"bx_organizations";s:6:"method";s:14:"entity_pricing";s:6:"params";a:1:{i:0;s:12:"{profile_id}";}}', 0, 0, 1, 1);

-- PAGE: group fans
INSERT INTO `sys_objects_page`(`object`, `uri`, `title_system`, `title`, `module`, `layout_id`, `visible_for_levels`, `visible_for_levels_editable`, `url`, `meta_description`, `meta_keywords`, `meta_robots`, `cache_lifetime`, `cache_editable`, `deletable`, `override_class_name`, `override_class_file`) VALUES 
('bx_organizations_fans', 'organization-profile-fans', '_bx_orgs_page_title_sys_fans', '_bx_orgs_page_title_fans', 'bx_organizations', 5, 2147483647, 1, 'page.php?i=organization-profile-fans', '', '', '', 0, 1, 0, 'BxOrgsPageEntry', 'modules/boonex/organizations/classes/BxOrgsPageEntry.php');

INSERT INTO `sys_pages_blocks`(`object`, `cell_id`, `module`, `title_system`, `title`, `designbox_id`, `visible_for_levels`, `type`, `content`, `deletable`, `copyable`, `active`, `order`) VALUES 
('bx_organizations_fans', 1, 'bx_organizations', '_bx_orgs_page_block_title_system_fans', '_bx_orgs_page_block_title_fans_link', 11, 2147483647, 'service', 'a:2:{s:6:"module";s:16:"bx_organizations";s:6:"method";s:10:"fans_table";}', 0, 0, 1, 1),
('bx_organizations_fans', 1, 'bx_organizations', '_bx_orgs_page_block_title_system_invites', '_bx_orgs_page_block_title_fans_invites', 11, 2147483647, 'service', 'a:2:{s:6:"module";s:16:"bx_organizations";s:6:"method";s:13:"invites_table";}', 0, 0, 1, 2);

-- PAGE: profile friends
INSERT INTO `sys_objects_page`(`object`, `uri`, `title_system`, `title`, `module`, `layout_id`, `visible_for_levels`, `visible_for_levels_editable`, `url`, `meta_description`, `meta_keywords`, `meta_robots`, `cache_lifetime`, `cache_editable`, `deletable`, `override_class_name`, `override_class_file`) VALUES 
('bx_organizations_profile_friends', 'organization-profile-friends', '_bx_orgs_page_title_sys_profile_friends', '_bx_orgs_page_title_profile_friends', 'bx_organizations', 5, 2147483647, 1, 'page.php?i=organization-profile-friends', '', '', '', 0, 1, 0, 'BxOrgsPageEntry', 'modules/boonex/organizations/classes/BxOrgsPageEntry.php');

INSERT INTO `sys_pages_blocks`(`object`, `cell_id`, `module`, `title_system`, `title`, `designbox_id`, `visible_for_levels`, `type`, `content`, `deletable`, `copyable`, `active`, `order`) VALUES 
('bx_organizations_profile_friends', 1, 'bx_organizations', '_bx_orgs_page_block_title_system_profile_friends', '_bx_orgs_page_block_title_profile_friends_link', 11, 2147483647, 'service', 'a:4:{s:6:"module";s:6:"system";s:6:"method";s:17:"connections_table";s:6:"params";a:1:{i:0;s:12:"{profile_id}";}s:5:"class";s:23:"TemplServiceConnections";}', 0, 0, 1, 1);

-- PAGE: profile friend requests
INSERT INTO `sys_objects_page`(`object`, `uri`, `title_system`, `title`, `module`, `layout_id`, `visible_for_levels`, `visible_for_levels_editable`, `url`, `meta_description`, `meta_keywords`, `meta_robots`, `cache_lifetime`, `cache_editable`, `deletable`, `override_class_name`, `override_class_file`) VALUES 
('bx_organizations_friend_requests', 'organization-friend-requests', '_bx_orgs_page_title_sys_friend_requests', '_bx_orgs_page_title_friend_requests', 'bx_organizations', 5, 2147483647, 1, 'page.php?i=organization-friend-requests', '', '', '', 0, 1, 0, 'BxOrgsPageEntry', 'modules/boonex/organizations/classes/BxOrgsPageEntry.php');

INSERT INTO `sys_pages_blocks`(`object`, `cell_id`, `module`, `title_system`, `title`, `designbox_id`, `visible_for_levels`, `type`, `content`, `deletable`, `copyable`, `active`, `order`) VALUES 
('bx_organizations_friend_requests', 1, 'bx_organizations', '_bx_orgs_page_block_title_system_friend_requests', '_bx_orgs_page_block_title_friend_requests_link', 11, 2147483647, 'service', 'a:3:{s:6:\"module\";s:6:\"system\";s:6:\"method\";s:25:\"connections_request_table\";s:5:\"class\";s:23:\"TemplServiceConnections\";}', 0, 0, 1, 1);

-- PAGE: profile favorites
INSERT INTO `sys_objects_page`(`object`, `uri`, `title_system`, `title`, `module`, `layout_id`, `visible_for_levels`, `visible_for_levels_editable`, `url`, `meta_description`, `meta_keywords`, `meta_robots`, `cache_lifetime`, `cache_editable`, `deletable`, `override_class_name`, `override_class_file`) VALUES 
('bx_organizations_profile_favorites', 'organization-profile-favorites', '_bx_orgs_page_title_sys_profile_favorites', '_bx_orgs_page_title_profile_favorites', 'bx_organizations', 5, 2147483647, 1, 'page.php?i=organization-profile-favorites', '', '', '', 0, 1, 0, 'BxOrgsPageBrowse', 'modules/boonex/organizations/classes/BxOrgsPageBrowse.php');

INSERT INTO `sys_pages_blocks`(`object`, `cell_id`, `module`, `title_system`, `title`, `designbox_id`, `visible_for_levels`, `type`, `content`, `deletable`, `copyable`, `active`, `order`) VALUES 
('bx_organizations_profile_favorites', 1, 'bx_organizations', '_bx_orgs_page_block_title_system_profile_favorites', '_bx_orgs_page_block_title_profile_favorites', 11, 2147483647, 'service', 'a:3:{s:6:"module";s:16:"bx_organizations";s:6:"method";s:21:"browse_favorite_lists";s:6:"params";a:2:{s:10:"profile_id";s:12:"{profile_id}";s:6:"params";a:3:{s:9:"unit_view";s:8:"showcase";s:13:"empty_message";b:0;s:13:"ajax_paginate";b:0;}}}', 0, 1, 1, 1);
-- PAGE: profile subscriptions
INSERT INTO `sys_objects_page`(`object`, `uri`, `title_system`, `title`, `module`, `layout_id`, `visible_for_levels`, `visible_for_levels_editable`, `url`, `meta_description`, `meta_keywords`, `meta_robots`, `cache_lifetime`, `cache_editable`, `deletable`, `override_class_name`, `override_class_file`) VALUES 
('bx_organizations_profile_subscriptions', 'organization-profile-subscriptions', '_bx_orgs_page_title_sys_profile_subscriptions', '_bx_orgs_page_title_profile_subscriptions', 'bx_organizations', 5, 2147483647, 1, 'page.php?i=organization-profile-subscriptions', '', '', '', 0, 1, 0, 'BxOrgsPageEntry', 'modules/boonex/organizations/classes/BxOrgsPageEntry.php');

INSERT INTO `sys_pages_blocks`(`object`, `cell_id`, `module`, `title_system`, `title`, `designbox_id`, `visible_for_levels`, `type`, `content`, `deletable`, `copyable`, `active`, `order`) VALUES 
('bx_organizations_profile_subscriptions', 1, 'bx_organizations', '_bx_orgs_page_block_title_system_profile_subscriptions', '_bx_orgs_page_block_title_profile_subscriptions', 11, 2147483647, 'service', 'a:3:{s:6:\"module\";s:6:\"system\";s:6:\"method\";s:19:\"subscriptions_table\";s:5:\"class\";s:23:\"TemplServiceConnections\";}', 0, 0, 1, 1),
('bx_organizations_profile_subscriptions', 1, 'bx_organizations', '_bx_orgs_page_block_title_system_profile_subscribed_me', '_bx_orgs_page_block_title_profile_subscribed_me', 11, 2147483647, 'service', 'a:3:{s:6:\"module\";s:6:\"system\";s:6:\"method\";s:19:\"subscribed_me_table\";s:5:\"class\";s:23:\"TemplServiceConnections\";}', 0, 0, 1, 2);

-- PAGE: profile relations
INSERT INTO `sys_objects_page`(`object`, `uri`, `title_system`, `title`, `module`, `layout_id`, `visible_for_levels`, `visible_for_levels_editable`, `url`, `meta_description`, `meta_keywords`, `meta_robots`, `cache_lifetime`, `cache_editable`, `deletable`, `override_class_name`, `override_class_file`) VALUES 
('bx_organizations_profile_relations', 'organization-profile-relations', '_bx_orgs_page_title_sys_profile_relations', '_bx_orgs_page_title_profile_relations', 'bx_organizations', 5, 2147483647, 1, 'page.php?i=organization-profile-relations', '', '', '', 0, 1, 0, 'BxOrgsPageEntry', 'modules/boonex/organizations/classes/BxOrgsPageEntry.php');

INSERT INTO `sys_pages_blocks`(`object`, `cell_id`, `module`, `title_system`, `title`, `designbox_id`, `visible_for_levels`, `type`, `content`, `deletable`, `copyable`, `active`, `order`) VALUES 
('bx_organizations_profile_relations', 1, 'bx_organizations', '_bx_orgs_page_block_title_system_profile_relations', '_bx_orgs_page_block_title_profile_relations', 11, 2147483647, 'service', 'a:3:{s:6:"module";s:6:"system";s:6:"method";s:15:"relations_table";s:5:"class";s:23:"TemplServiceConnections";}', 0, 0, 1, 1),
('bx_organizations_profile_relations', 1, 'bx_organizations', '_bx_orgs_page_block_title_system_profile_related_me', '_bx_orgs_page_block_title_profile_related_me', 11, 2147483647, 'service', 'a:3:{s:6:"module";s:6:"system";s:6:"method";s:16:"related_me_table";s:5:"class";s:23:"TemplServiceConnections";}', 0, 0, 1, 2);

-- PAGE: view entry comments
INSERT INTO `sys_objects_page`(`object`, `title_system`, `title`, `module`, `layout_id`, `visible_for_levels`, `visible_for_levels_editable`, `uri`, `url`, `meta_description`, `meta_keywords`, `meta_robots`, `cache_lifetime`, `cache_editable`, `deletable`, `override_class_name`, `override_class_file`) VALUES 
('bx_organizations_profile_comments', '_bx_orgs_page_title_sys_profile_comments', '_bx_orgs_page_title_profile_comments', 'bx_organizations', 5, 2147483647, 1, 'organization-profile-comments', '', '', '', '', 0, 1, 0, 'BxOrgsPageEntry', 'modules/boonex/organizations/classes/BxOrgsPageEntry.php');

INSERT INTO `sys_pages_blocks`(`object`, `cell_id`, `module`, `title_system`, `title`, `designbox_id`, `visible_for_levels`, `type`, `content`, `deletable`, `copyable`, `active`, `order`) VALUES 
('bx_organizations_profile_comments', 1, 'bx_organizations', '_bx_orgs_page_block_title_profile_comments', '_bx_orgs_page_block_title_profile_comments_link', 11, 2147483647, 'service', 'a:2:{s:6:\"module\";s:16:\"bx_organizations\";s:6:\"method\";s:15:\"entity_comments\";}', 0, 0, 0, 1);

-- PAGE: module home
INSERT INTO `sys_objects_page`(`object`, `title_system`, `title`, `module`, `layout_id`, `visible_for_levels`, `visible_for_levels_editable`, `uri`, `url`, `meta_description`, `meta_keywords`, `meta_robots`, `cache_lifetime`, `cache_editable`, `deletable`, `override_class_name`, `override_class_file`) VALUES 
('bx_organizations_home', '_bx_orgs_page_title_sys_recent', '_bx_orgs_page_title_recent', 'bx_organizations', 5, 2147483647, 1, 'organizations-home', 'page.php?i=organizations-home', '', '', '', 0, 1, 0, 'BxOrgsPageBrowse', 'modules/boonex/organizations/classes/BxOrgsPageBrowse.php');

INSERT INTO `sys_pages_blocks`(`object`, `cell_id`, `module`, `title_system`, `title`, `designbox_id`, `visible_for_levels`, `type`, `content`, `deletable`, `copyable`, `active`, `order`) VALUES
('bx_organizations_home', 1, 'bx_organizations', '', '_bx_orgs_page_block_title_featured_profiles', 11, 2147483647, 'service', 'a:3:{s:6:"module";s:16:"bx_organizations";s:6:"method";s:15:"browse_featured";s:6:"params";a:1:{i:0;s:7:"gallery";}}', 0, 1, 1, 0),
('bx_organizations_home', 1, 'bx_organizations', '', '_bx_orgs_page_block_title_latest_profiles', 11, 2147483647, 'service', 'a:3:{s:6:\"module\";s:16:\"bx_organizations\";s:6:\"method\";s:22:\"browse_recent_profiles\";s:6:"params";a:1:{i:0;b:1;}}', 0, 1, 1, 1),
('bx_organizations_home', 1, 'bx_organizations', '_bx_orgs_page_block_title_sys_multicats', '_bx_orgs_page_block_title_multicats', 11, 2147483647, 'service', 'a:2:{s:6:"module";s:16:"bx_organizations";s:6:"method";s:21:"categories_multi_list";}', 0, 0, 0, 2);

-- PAGE: active profiles
INSERT INTO `sys_objects_page`(`object`, `title_system`, `title`, `module`, `layout_id`, `visible_for_levels`, `visible_for_levels_editable`, `uri`, `url`, `meta_description`, `meta_keywords`, `meta_robots`, `cache_lifetime`, `cache_editable`, `deletable`, `override_class_name`, `override_class_file`) VALUES 
('bx_organizations_active', '_bx_orgs_page_title_sys_active', '_bx_orgs_page_title_active', 'bx_organizations', 5, 2147483647, 1, 'organizations-active', 'page.php?i=organizations-active', '', '', '', 0, 1, 0, 'BxOrgsPageBrowse', 'modules/boonex/organizations/classes/BxOrgsPageBrowse.php');

INSERT INTO `sys_pages_blocks`(`object`, `cell_id`, `module`, `title`, `designbox_id`, `visible_for_levels`, `type`, `content`, `deletable`, `copyable`, `order`) VALUES 
('bx_organizations_active', 1, 'bx_organizations', '_bx_orgs_page_block_title_active_profiles', 11, 2147483647, 'service', 'a:3:{s:6:"module";s:16:"bx_organizations";s:6:"method";s:22:"browse_active_profiles";s:6:"params";a:2:{s:9:"unit_view";s:7:"gallery";s:13:"empty_message";b:1;}}}', 0, 1, 0);

-- PAGE: online profiles

INSERT INTO `sys_objects_page`(`object`, `title_system`, `title`, `module`, `layout_id`, `visible_for_levels`, `visible_for_levels_editable`, `uri`, `url`, `meta_description`, `meta_keywords`, `meta_robots`, `cache_lifetime`, `cache_editable`, `deletable`, `override_class_name`, `override_class_file`) VALUES 
('bx_organizations_online', '_bx_orgs_page_title_sys_online', '_bx_orgs_page_title_online', 'bx_organizations', 5, 2147483647, 1, 'organizations-online', 'page.php?i=organizations-online', '', '', '', 0, 1, 0, 'BxOrgsPageBrowse', 'modules/boonex/organizations/classes/BxOrgsPageBrowse.php');

INSERT INTO `sys_pages_blocks`(`object`, `cell_id`, `module`, `title`, `designbox_id`, `visible_for_levels`, `type`, `content`, `deletable`, `copyable`, `order`) VALUES 
('bx_organizations_online', 1, 'bx_organizations', '_bx_orgs_page_block_title_online_profiles', 11, 2147483647, 'service', 'a:3:{s:6:\"module\";s:16:\"bx_organizations\";s:6:\"method\";s:22:\"browse_online_profiles\";s:6:"params";a:1:{i:0;b:1;}}', 0, 1, 0);

-- PAGE: search for entries
INSERT INTO `sys_objects_page`(`object`, `title_system`, `title`, `module`, `layout_id`, `visible_for_levels`, `visible_for_levels_editable`, `uri`, `url`, `meta_description`, `meta_keywords`, `meta_robots`, `cache_lifetime`, `cache_editable`, `deletable`, `override_class_name`, `override_class_file`) VALUES 
('bx_organizations_search', '_bx_orgs_page_title_sys_entries_search', '_bx_orgs_page_title_entries_search', 'bx_organizations', 5, 2147483647, 1, 'organizations-search', 'page.php?i=organizations-search', '', '', '', 0, 1, 0, 'BxOrgsPageBrowse', 'modules/boonex/organizations/classes/BxOrgsPageBrowse.php');

INSERT INTO `sys_pages_blocks`(`object`, `cell_id`, `module`, `title`, `designbox_id`, `visible_for_levels`, `type`, `content`, `deletable`, `copyable`, `active`, `order`) VALUES 
('bx_organizations_search', 1, 'bx_organizations', '_bx_orgs_page_block_title_search_form', 11, 2147483647, 'service', 'a:4:{s:6:"module";s:6:"system";s:6:"method";s:8:"get_form";s:6:"params";a:1:{i:0;a:1:{s:6:"object";s:16:"bx_organizations";}}s:5:"class";s:27:"TemplSearchExtendedServices";}', 0, 1, 1, 1),
('bx_organizations_search', 1, 'bx_organizations', '_bx_orgs_page_block_title_search_results', 11, 2147483647, 'service', 'a:4:{s:6:"module";s:6:"system";s:6:"method";s:11:"get_results";s:6:"params";a:1:{i:0;a:2:{s:6:"object";s:16:"bx_organizations";s:10:"show_empty";b:1;}}s:5:"class";s:27:"TemplSearchExtendedServices";}', 0, 1, 1, 2),
('bx_organizations_search', 1, 'bx_organizations', '_bx_orgs_page_block_title_search_form_cmts', 11, 2147483647, 'service', 'a:4:{s:6:"module";s:6:"system";s:6:"method";s:8:"get_form";s:6:"params";a:1:{i:0;a:1:{s:6:"object";s:21:"bx_organizations_cmts";}}s:5:"class";s:27:"TemplSearchExtendedServices";}', 0, 1, 0, 3),
('bx_organizations_search', 1, 'bx_organizations', '_bx_orgs_page_block_title_search_results_cmts', 11, 2147483647, 'service', 'a:4:{s:6:"module";s:6:"system";s:6:"method";s:11:"get_results";s:6:"params";a:1:{i:0;a:2:{s:6:"object";s:21:"bx_organizations_cmts";s:10:"show_empty";b:1;}}s:5:"class";s:27:"TemplSearchExtendedServices";}', 0, 1, 0, 4);

-- PAGE: module manage own
INSERT INTO `sys_objects_page`(`object`, `title_system`, `title`, `module`, `layout_id`, `visible_for_levels`, `visible_for_levels_editable`, `uri`, `url`, `meta_description`, `meta_keywords`, `meta_robots`, `cache_lifetime`, `cache_editable`, `deletable`, `override_class_name`, `override_class_file`) VALUES 
('bx_organizations_manage', '_bx_orgs_page_title_sys_manage', '_bx_orgs_page_title_manage', 'bx_organizations', 5, 2147483647, 1, 'organizations-manage', 'page.php?i=organizations-manage', '', '', '', 0, 1, 0, 'BxOrgsPageBrowse', 'modules/boonex/organizations/classes/BxOrgsPageBrowse.php');

INSERT INTO `sys_pages_blocks`(`object`, `cell_id`, `module`, `title_system`, `title`, `designbox_id`, `visible_for_levels`, `type`, `content`, `deletable`, `copyable`, `order`) VALUES 
('bx_organizations_manage', 1, 'bx_organizations', '_bx_orgs_page_block_title_system_manage', '_bx_orgs_page_block_title_manage', 11, 2147483647, 'service', 'a:2:{s:6:\"module\";s:16:\"bx_organizations\";s:6:\"method\";s:12:\"manage_tools\";}}', 0, 1, 0);

-- PAGE: module manage all
INSERT INTO `sys_objects_page`(`object`, `title_system`, `title`, `module`, `layout_id`, `visible_for_levels`, `visible_for_levels_editable`, `uri`, `url`, `meta_description`, `meta_keywords`, `meta_robots`, `cache_lifetime`, `cache_editable`, `deletable`, `override_class_name`, `override_class_file`) VALUES 
('bx_organizations_administration', '_bx_orgs_page_title_sys_manage_administration', '_bx_orgs_page_title_manage', 'bx_organizations', 5, 192, 1, 'organizations-administration', 'page.php?i=organizations-administration', '', '', '', 0, 1, 0, 'BxOrgsPageBrowse', 'modules/boonex/organizations/classes/BxOrgsPageBrowse.php');

INSERT INTO `sys_pages_blocks`(`object`, `cell_id`, `module`, `title_system`, `title`, `designbox_id`, `visible_for_levels`, `type`, `content`, `deletable`, `copyable`, `order`) VALUES 
('bx_organizations_administration', 1, 'bx_organizations', '_bx_orgs_page_block_title_system_manage_administration', '_bx_orgs_page_block_title_manage', 11, 192, 'service', 'a:3:{s:6:\"module\";s:16:\"bx_organizations\";s:6:\"method\";s:12:\"manage_tools\";s:6:\"params\";a:1:{i:0;s:14:\"administration\";}}', 0, 1, 0);

-- PAGE: user's organizations
INSERT INTO `sys_objects_page`(`object`, `uri`, `title_system`, `title`, `module`, `layout_id`, `visible_for_levels`, `visible_for_levels_editable`, `url`, `meta_description`, `meta_keywords`, `meta_robots`, `cache_lifetime`, `cache_editable`, `deletable`, `override_class_name`, `override_class_file`) VALUES 
('bx_organizations_joined', 'joined-organizations', '_bx_orgs_page_title_sys_joined_entries', '_bx_orgs_page_title_joined_entries', 'bx_organizations', 5, 2147483647, 1, '', '', '', '', 0, 1, 0, 'BxOrgsPageJoinedEntries', 'modules/boonex/organizations/classes/BxOrgsPageJoinedEntries.php');

INSERT INTO `sys_pages_blocks`(`object`, `cell_id`, `module`, `title_system`, `title`, `designbox_id`, `visible_for_levels`, `type`, `content`, `deletable`, `copyable`, `active`, `order`) VALUES
('bx_organizations_joined', 1, 'bx_organizations', '_bx_orgs_page_block_title_sys_entries_actions', '_bx_orgs_page_block_title_entries_actions', 13, 2147483647, 'service', 'a:2:{s:6:"module";s:16:"bx_organizations";s:6:"method";s:18:"my_entries_actions";}', 0, 0, 1, 1),
('bx_organizations_joined', 1, 'bx_organizations', '_bx_orgs_page_block_title_sys_favorites_of_author', '_bx_orgs_page_block_title_favorites_of_author', 11, 2147483647, 'service', 'a:3:{s:6:"module";s:16:"bx_organizations";s:6:"method";s:21:"browse_favorite_lists";s:6:"params";a:2:{s:10:"profile_id";s:12:"{profile_id}";s:6:"params";a:3:{s:9:"unit_view";s:8:"showcase";s:13:"empty_message";b:0;s:13:"ajax_paginate";b:0;}}}', 0, 1, 1, 2),
('bx_organizations_joined', 1, 'bx_organizations', '_bx_orgs_page_block_title_sys_joined_entries', '_bx_orgs_page_block_title_joined_entries', 11, 2147483647, 'service', 'a:3:{s:6:"module";s:16:"bx_organizations";s:6:"method";s:21:"browse_joined_entries";s:6:"params";a:2:{i:0;i:0;i:1;b:1;}}', 0, 0, 1, 2);


-- PAGE: favorites by list
INSERT INTO `sys_objects_page`(`object`, `title_system`, `title`, `module`, `layout_id`, `visible_for_levels`, `visible_for_levels_editable`, `uri`, `url`, `meta_description`, `meta_keywords`, `meta_robots`, `cache_lifetime`, `cache_editable`, `deletable`, `override_class_name`, `override_class_file`) VALUES 
('bx_organizations_favorites', '_bx_orgs_page_title_sys_entries_favorites', '_bx_orgs_page_title_entries_favorites', 'bx_organizations', 12, 2147483647, 1, 'organizations-favorites', 'page.php?i=organizations-favorites', '', '', '', 0, 1, 0, 'BxOrgsPageListEntry', 'modules/boonex/organizations/classes/BxOrgsPageListEntry.php');

INSERT INTO `sys_pages_blocks`(`object`, `cell_id`, `module`, `title_system`, `title`, `designbox_id`, `visible_for_levels`, `type`, `content`, `deletable`, `copyable`, `order`) VALUES 
('bx_organizations_favorites', 2, 'bx_organizations', '_bx_orgs_page_block_title_sys_favorites_entries', '_bx_orgs_page_block_title_favorites_entries', 11, 2147483647, 'service', 'a:3:{s:6:"module";s:16:"bx_organizations";s:6:"method";s:15:"browse_favorite";s:6:"params";a:2:{s:10:"profile_id";s:12:"{profile_id}";s:6:"params";a:3:{s:9:"unit_view";s:7:"gallery";s:13:"empty_message";b:0;s:13:"ajax_paginate";b:0;}}}', 0, 1, 1),
('bx_organizations_favorites', 3, 'bx_organizations', '', '_bx_orgs_page_block_title_favorites_entries_info', 11, 2147483647, 'service', 'a:2:{s:6:"module";s:16:"bx_organizations";s:6:"method";s:19:"favorites_list_info";}', 0, 0, 0),
('bx_organizations_favorites', 3, 'bx_organizations', '', '_bx_orgs_page_block_title_favorites_entries_actions', 13, 2147483647, 'service', 'a:2:{s:6:"module";s:16:"bx_organizations";s:6:"method";s:22:"favorites_list_actions";}', 0, 0, 1);


-- PAGE: add block to homepage
SET @iBlockOrder = (SELECT `order` FROM `sys_pages_blocks` WHERE `object` = 'sys_home' AND `cell_id` = 1 ORDER BY `order` DESC LIMIT 1);
INSERT INTO `sys_pages_blocks` (`object`, `cell_id`, `module`, `title_system`, `title`, `designbox_id`, `visible_for_levels`, `type`, `content`, `deletable`, `copyable`, `active`, `order`) VALUES
('sys_home', 1, 'bx_organizations', '', '_bx_orgs_page_block_title_latest_profiles', 11, 2147483647, 'service', 'a:2:{s:6:"module";s:16:"bx_organizations";s:6:"method";s:22:"browse_recent_profiles";}', 1, 0, 0, IFNULL(@iBlockOrder, 0) + 1),
('sys_home', 1, 'bx_organizations', '_bx_orgs_page_block_title_sys_recommended_entries_view_showcase', '_bx_orgs_page_block_title_recommended_entries_view_showcase', 11, 2147483647, 'service', 'a:3:{s:6:\"module\";s:16:\"bx_organizations\";s:6:\"method\";s:18:\"browse_recommended\";s:6:\"params\";a:3:{s:9:\"unit_view\";s:8:\"showcase\";s:13:\"empty_message\";b:0;s:13:\"ajax_paginate\";b:0;}}', 1, 0, 0, IFNULL(@iBlockOrder, 0) + 2);

-- PAGES: add page block to profiles modules (trigger* page objects are processed separately upon modules enable/disable)
SET @iPBCellProfile = 2;
INSERT INTO `sys_pages_blocks` (`object`, `cell_id`, `module`, `title_system`, `title`, `designbox_id`, `visible_for_levels`, `type`, `content`, `deletable`, `copyable`, `active`, `order`) VALUES
('trigger_page_profile_view_entry', @iPBCellProfile, 'bx_organizations', '_bx_orgs_page_block_title_sys_joined_entries', '_bx_orgs_page_block_title_joined_entries', 11, 2147483647, 'service', 'a:3:{s:6:"module";s:16:"bx_organizations";s:6:"method";s:21:"browse_joined_entries";s:6:"params";a:2:{i:0;s:12:"{profile_id}";i:1;b:0;}}', 0, 0, 1, 0);

-- PAGE: service blocks
SET @iBlockOrder = (SELECT `order` FROM `sys_pages_blocks` WHERE `object` = '' AND `cell_id` = 0 ORDER BY `order` DESC LIMIT 1);
INSERT INTO `sys_pages_blocks` (`object`, `cell_id`, `module`, `title_system`, `title`, `designbox_id`, `visible_for_levels`, `type`, `content`, `deletable`, `copyable`, `active`, `order`) VALUES
('', 0, 'bx_organizations', '', '_bx_orgs_page_block_title_categories', 11, 2147483647, 'service', 'a:4:{s:6:"module";s:6:"system";s:6:"method";s:15:"categories_list";s:6:"params";a:2:{i:0;s:21:"bx_organizations_cats";i:1;a:2:{s:10:\"show_empty\";b:1;s:21:\"show_empty_categories\";b:1;}}s:5:"class";s:20:"TemplServiceCategory";}', 1, 1, 1, IFNULL(@iBlockOrder, 0) + 1),
('', 0, 'bx_organizations', '_bx_orgs_page_block_title_sys_featured_entries_view_showcase', '_bx_orgs_page_block_title_featured_entries_view_showcase', 11, 2147483647, 'service', 'a:3:{s:6:\"module\";s:16:\"bx_organizations\";s:6:\"method\";s:15:\"browse_featured\";s:6:\"params\";a:3:{s:9:\"unit_view\";s:8:\"showcase\";s:13:\"empty_message\";b:0;s:13:\"ajax_paginate\";b:0;}}', 0, 1, 1, IFNULL(@iBlockOrder, 0) + 2),
('', 0, 'bx_organizations', '_bx_orgs_page_block_title_sys_recommended_entries_view_showcase', '_bx_orgs_page_block_title_recommended_entries_view_showcase', 11, 2147483647, 'service', 'a:3:{s:6:\"module\";s:16:\"bx_organizations\";s:6:\"method\";s:18:\"browse_recommended\";s:6:\"params\";a:3:{s:9:\"unit_view\";s:8:\"showcase\";s:13:\"empty_message\";b:0;s:13:\"ajax_paginate\";b:0;}}', 0, 1, 1, IFNULL(@iBlockOrder, 0) + 3),
('', 0, 'bx_organizations', '_bx_orgs_page_block_title_sys_active_entries_view_showcase', '_bx_orgs_page_block_title_active_entries_view_showcase', 11, 2147483647, 'service', 'a:3:{s:6:\"module\";s:16:\"bx_organizations\";s:6:\"method\";s:22:\"browse_active_profiles\";s:6:\"params\";a:3:{s:9:\"unit_view\";s:16:\"showcase_wo_info\";s:13:\"empty_message\";b:0;s:13:\"ajax_paginate\";b:0;}}', 0, 1, 1, IFNULL(@iBlockOrder, 0) + 4),
('', 0, 'bx_organizations', '_bx_orgs_page_block_title_sys_active_profiles', '_bx_orgs_page_block_title_active_profiles', 11, 2147483647, 'service', 'a:3:{s:6:\"module\";s:16:\"bx_organizations\";s:6:\"method\";s:22:\"browse_active_profiles\";s:6:\"params\";a:3:{s:9:\"unit_view\";s:12:\"unit_wo_info\";s:13:\"empty_message\";b:0;s:13:\"ajax_paginate\";b:0;}}', 0, 1, 1, IFNULL(@iBlockOrder, 0) + 5),
('', 0, 'bx_organizations', '_bx_orgs_page_block_title_sys_familiar_profiles', '_bx_orgs_page_block_title_familiar_profiles', 11, 2147483647, 'service', 'a:3:{s:6:\"module\";s:16:\"bx_organizations\";s:6:\"method\";s:24:\"browse_familiar_profiles\";s:6:\"params\";a:4:{s:10:\"connection\";s:20:\"sys_profiles_friends\";s:9:\"unit_view\";s:4:\"unit\";s:13:\"empty_message\";b:0;s:13:\"ajax_paginate\";b:0;}}', 0, 1, 1, IFNULL(@iBlockOrder, 0) + 6);

-- MENU

-- MENU: add to site menu
SET @iSiteMenuOrder = (SELECT `order` FROM `sys_menu_items` WHERE `set_name` = 'sys_site' AND `active` = 1 AND `order` < 9999 ORDER BY `order` DESC LIMIT 1);
INSERT INTO `sys_menu_items` (`set_name`, `module`, `name`, `title_system`, `title`, `link`, `onclick`, `target`, `icon`, `submenu_object`, `visible_for_levels`, `active`, `copyable`, `order`) VALUES 
('sys_site', 'bx_organizations', 'organizations-home', '_bx_orgs_menu_item_title_system_entries_home', '_bx_orgs_menu_item_title_entries_home', 'page.php?i=organizations-home', '', '', 'briefcase col-red2', 'bx_organizations_submenu', 2147483647, 1, 1, IFNULL(@iSiteMenuOrder, 0) + 1);

-- MENU: add to homepage menu
SET @iHomepageMenuOrder = (SELECT `order` FROM `sys_menu_items` WHERE `set_name` = 'sys_homepage' AND `active` = 1 ORDER BY `order` DESC LIMIT 1);
INSERT INTO `sys_menu_items` (`set_name`, `module`, `name`, `title_system`, `title`, `link`, `onclick`, `target`, `icon`, `submenu_object`, `visible_for_levels`, `active`, `copyable`, `order`) VALUES 
('sys_homepage', 'bx_organizations', 'organizations-home', '_bx_orgs_menu_item_title_system_entries_home', '_bx_orgs_menu_item_title_entries_home', 'page.php?i=organizations-home', '', '', 'briefcase col-red2', 'bx_organizations_submenu', 2147483647, 1, 1, IFNULL(@iHomepageMenuOrder, 0) + 1);

--SET @iCreateProfileMenuOrder = (SELECT `order` FROM `sys_menu_items` WHERE `set_name` = 'sys_profiles_create' AND `active` = 1 ORDER BY `order` DESC LIMIT 1);
--INSERT INTO `sys_menu_items` (`set_name`, `module`, `name`, `title_system`, `title`, `link`, `onclick`, `target`, `icon`, `submenu_object`, `visible_for_levels`, `active`, `copyable`, `order`) VALUES
--('sys_profiles_create', 'bx_organizations', 'create-organization-profile', '_bx_orgs_menu_item_title_system_profile_type', '_bx_orgs_menu_item_title_profile_type', 'page.php?i=create-organization-profile', '', '', 'briefcase', '', 2147483647, 1, 1, IFNULL(@iCreateProfileMenuOrder, 0) + 1);

-- MENU: add to create profile menu
SET @iAddMenuOrder = (SELECT `order` FROM `sys_menu_items` WHERE `set_name` = 'sys_add_profile_links' AND `active` = 1 ORDER BY `order` DESC LIMIT 1);
INSERT INTO `sys_menu_items` (`set_name`, `module`, `name`, `title_system`, `title`, `link`, `onclick`, `target`, `icon`, `submenu_object`, `visible_for_levels`, `active`, `copyable`, `order`) VALUES 
('sys_add_profile_links', 'bx_organizations', 'create-organization-profile', '_bx_orgs_menu_item_title_system_create_profile', '_bx_orgs_menu_item_title_create_profile', 'page.php?i=create-organization-profile', '', '', 'briefcase col-red2', '', 2147483647, 1, 1, IFNULL(@iAddMenuOrder, 0) + 1);

-- MENU: view actions
INSERT INTO `sys_objects_menu`(`object`, `title`, `set_name`, `module`, `template_id`, `deletable`, `active`, `override_class_name`, `override_class_file`) VALUES 
('bx_organizations_view_actions', '_bx_orgs_menu_title_view_profile_actions', 'bx_organizations_view_actions', 'bx_organizations', 9, 0, 1, 'BxOrgsMenuViewActions', 'modules/boonex/organizations/classes/BxOrgsMenuViewActions.php');

INSERT INTO `sys_menu_sets`(`set_name`, `module`, `title`, `deletable`) VALUES 
('bx_organizations_view_actions', 'bx_organizations', '_bx_orgs_menu_set_title_view_profile_actions', 0);

INSERT INTO `sys_menu_items`(`set_name`, `module`, `name`, `title_system`, `title`, `link`, `onclick`, `target`, `icon`, `submenu_object`, `submenu_popup`, `visible_for_levels`, `visibility_custom`, `active`, `copyable`, `editable`, `order`) VALUES 
('bx_organizations_view_actions', 'bx_organizations', 'join-organization-profile', '_bx_orgs_menu_item_title_system_pay_and_join', '_bx_orgs_menu_item_title_pay_and_join', 'page.php?i=join-organization-profile&profile_id={profile_id}', '', '', 'sign-in-alt', '', 0, 2147483647, 'a:3:{s:6:"module";s:16:"bx_organizations";s:6:"method";s:22:"is_paid_join_avaliable";s:6:"params";a:1:{i:0;s:12:"{profile_id}";}}', 1, 0, 0, 4),
('bx_organizations_view_actions', 'bx_organizations', 'profile-fan-add', '_bx_orgs_menu_item_title_system_become_fan', '{title_add_fan}', 'javascript:void(0)', 'bx_conn_action(this, \'bx_organizations_fans\', \'add\', \'{profile_id}\')', '', 'sign-in-alt', '', 0, 2147483647, 'a:3:{s:6:"module";s:16:"bx_organizations";s:6:"method";s:22:"is_free_join_avaliable";s:6:"params";a:1:{i:0;s:12:"{profile_id}";}}', 1, 0, 0, 5),
('bx_organizations_view_actions', 'bx_organizations', 'profile-fan-remove', '_bx_orgs_menu_item_title_system_leave_organization', '{title_remove_fan}', 'javascript:void(0)', 'bx_conn_action(this, \'bx_organizations_fans\', \'remove\', \'{profile_id}\')', '', 'sign-out-alt', '', 0, 2147483647, '', 1, 0, 1, 6),
('bx_organizations_view_actions', 'bx_organizations', 'profile-friend-add', '_bx_orgs_menu_item_title_system_befriend', '{title_add_friend}', 'javascript:void(0)', 'bx_conn_action(this, \'sys_profiles_friends\', \'add\', \'{profile_id}\')', '', 'user-plus', '', 0, 2147483647, '', 1, 0, 1, 10),
('bx_organizations_view_actions', 'bx_organizations', 'profile-friend-remove', '_bx_orgs_menu_item_title_system_unfriend', '{title_remove_friend}', 'javascript:void(0)', 'bx_conn_action(this, \'sys_profiles_friends\', \'remove\', \'{profile_id}\')', '', 'user-minus', '', 0, 2147483647, '', 1, 0, 1, 11),
('bx_organizations_view_actions', 'bx_organizations', 'profile-relation-add', '_bx_orgs_menu_item_title_system_relation_add', '_bx_orgs_menu_item_title_relation_add', 'javascript:void(0)', 'bx_menu_popup(''sys_add_relation'', window, {}, {profile_id: {profile_id}});', '', 'sync', '', 0, 2147483647, '', 1, 0, 1, 15),
('bx_organizations_view_actions', 'bx_organizations', 'profile-relation-remove', '_bx_orgs_menu_item_title_system_relation_delete', '_bx_orgs_menu_item_title_relation_delete', 'javascript:void(0)', 'bx_conn_action(this, \'sys_profiles_relations\', \'remove\', \'{profile_id}\')', '', 'sync', '', 0, 2147483647, '', 1, 0, 1, 16),
('bx_organizations_view_actions', 'bx_organizations', 'profile-subscribe-add', '_bx_orgs_menu_item_title_system_subscribe', '_bx_orgs_menu_item_title_subscribe', 'javascript:void(0)', 'bx_conn_action(this, \'sys_profiles_subscriptions\', \'add\', \'{profile_id}\')', '', 'check', '', 0, 2147483647, '', 1, 0, 1, 20),
('bx_organizations_view_actions', 'bx_organizations', 'profile-subscribe-remove', '_bx_orgs_menu_item_title_system_unsubscribe', '_bx_orgs_menu_item_title_unsubscribe', 'javascript:void(0)', 'bx_conn_action(this, \'sys_profiles_subscriptions\', \'remove\', \'{profile_id}\')', '', 'check', '', 0, 2147483647, '', 1, 0, 1, 21),
('bx_organizations_view_actions', 'bx_organizations', 'profile-set-acl-level', '_sys_menu_item_title_system_set_acl_level', '_sys_menu_item_title_set_acl_level', 'javascript:void(0)', 'bx_menu_popup(''sys_set_acl_level'', window, {id:{value:''sys_acl_set_{profile_id}'', force:true}, closeOnOuterClick: false, removeOnClose: true, displayMode: ''box'', cssClass: ''''}, {profile_id: {profile_id}});', '', 'certificate', '', 0, 2147483647, '', 1, 0, 1, 30),
('bx_organizations_view_actions', 'bx_organizations', 'profile-set-badges', '_sys_menu_item_title_system_set_badges', '_sys_menu_item_title_set_badges', 'javascript:void(0)', 'bx_menu_popup(''sys_set_badges'', window, {}, {module: ''bx_organizations'', content_id: {content_id}});', '', 'check-circle', '', 0, 192, 'a:2:{s:6:"module";s:16:"bx_organizations";s:6:"method";s:19:"is_badges_avaliable";}', 1, 0, 1, 40),
('bx_organizations_view_actions', 'bx_organizations', 'profile-actions-more', '_bx_orgs_menu_item_title_system_more_actions', '_bx_orgs_menu_item_title_more_actions', 'javascript:void(0)', 'bx_menu_popup(''bx_organizations_view_actions_more'', this, {}, {profile_id:{profile_id}});', '', 'cog', 'bx_organizations_view_actions_more', 1, 2147483647, '', 1, 0, 1, 9999);

-- MENU: view actions more
INSERT INTO `sys_objects_menu`(`object`, `title`, `set_name`, `module`, `template_id`, `deletable`, `active`, `override_class_name`, `override_class_file`) VALUES 
('bx_organizations_view_actions_more', '_bx_orgs_menu_title_view_profile_actions_more', 'bx_organizations_view_actions_more', 'bx_organizations', 6, 0, 1, 'BxOrgsMenuViewActions', 'modules/boonex/organizations/classes/BxOrgsMenuViewActions.php');

INSERT INTO `sys_menu_sets`(`set_name`, `module`, `title`, `deletable`) VALUES 
('bx_organizations_view_actions_more', 'bx_organizations', '_bx_orgs_menu_set_title_view_profile_actions_more', 0);

INSERT INTO `sys_menu_items`(`set_name`, `module`, `name`, `title_system`, `title`, `link`, `onclick`, `target`, `icon`, `submenu_object`, `visible_for_levels`, `visibility_custom`, `active`, `copyable`, `order`) VALUES
('bx_organizations_view_actions_more', 'bx_organizations', 'notes', '_sys_menu_item_title_system_va_notes', '_sys_menu_item_title_va_notes', 'javascript:void(0)', 'javascript:bx_get_notes(this,  ''{module_uri}'', {content_id});', '', 'exclamation-triangle', '', 192, '', 1, 0, 10),
('bx_organizations_view_actions_more', 'bx_organizations', 'audit', '_sys_menu_item_title_system_va_audit', '_sys_menu_item_title_va_audit', 'page.php?i=dashboard-audit&module=bx_organizations&content_id={content_id}', '', '', 'history', '', 192, '', 1, 0, 20),
('bx_organizations_view_actions_more', 'bx_organizations', 'edit-organization-profile', '_bx_orgs_menu_item_title_system_edit_profile', '_bx_orgs_menu_item_title_edit_profile', 'page.php?i=edit-organization-profile&id={content_id}', '', '', 'pencil-alt', '', 2147483647, '', 1, 0, 30),
('bx_organizations_view_actions_more', 'bx_organizations', 'edit-organization-pricing', '_bx_orgs_menu_item_title_system_edit_pricing', '_bx_orgs_menu_item_title_edit_pricing', 'page.php?i=edit-organization-pricing&profile_id={profile_id}', '', '', 'money-check-alt', '', 2147483647, 'a:3:{s:6:"module";s:16:"bx_organizations";s:6:"method";s:20:"is_pricing_avaliable";s:6:"params";a:1:{i:0;s:12:"{profile_id}";}}', 1, 0, 41),
('bx_organizations_view_actions_more', 'bx_organizations', 'invite-to-organization', '_bx_orgs_menu_item_title_system_invite', '_bx_orgs_menu_item_title_invite', 'page.php?i=invite-to-organization&id={content_id}', '', '', 'user-friends', '', 2147483647, '', 1, 0, 32),
('bx_organizations_view_actions_more', 'bx_organizations', 'delete-organization-profile', '_bx_orgs_menu_item_title_system_delete_profile', '_bx_orgs_menu_item_title_delete_profile', 'page.php?i=delete-organization-profile&id={content_id}', '', '', 'remove', '', 2147483647, '', 1, 0, 40),
('bx_organizations_view_actions_more', 'bx_organizations', 'delete-organization-account', '_bx_orgs_menu_item_title_system_delete_account', '_bx_orgs_menu_item_title_delete_account', 'page.php?i=account-settings-delete&id={account_id}', '', '', 'user-times', '', 128, '', 1, 0, 50),
('bx_organizations_view_actions_more', 'bx_organizations', 'delete-organization-account-content', '_bx_orgs_menu_item_title_system_delete_account_content', '_bx_orgs_menu_item_title_delete_account_content', 'page.php?i=account-settings-delete&id={account_id}&content=1', '', '', 'trash', '', 128, '', 1, 0, 60);

-- MENU: all actions menu for view entry 

INSERT INTO `sys_objects_menu`(`object`, `title`, `set_name`, `module`, `template_id`, `persistent`, `deletable`, `active`, `override_class_name`, `override_class_file`) VALUES 
('bx_organizations_view_actions_all', '_sys_menu_title_view_actions', 'bx_organizations_view_actions_all', 'bx_organizations', 15, 1, 0, 1, 'BxOrgsMenuViewActionsAll', 'modules/boonex/organizations/classes/BxOrgsMenuViewActionsAll.php');

INSERT INTO `sys_menu_sets`(`set_name`, `module`, `title`, `deletable`) VALUES 
('bx_organizations_view_actions_all', 'bx_organizations', '_sys_menu_set_title_view_actions', 0);

INSERT INTO `sys_menu_items`(`set_name`, `module`, `name`, `title_system`, `title`, `link`, `onclick`, `target`, `icon`, `addon`, `submenu_object`, `submenu_popup`, `visible_for_levels`, `visibility_custom`, `active`, `copyable`, `order`) VALUES 
('bx_organizations_view_actions_all', 'bx_organizations', 'join-organization-profile', '_bx_orgs_menu_item_title_system_pay_and_join', '', '', '', '', '', '', '', 0, 2147483647, '', 1, 0, 5),
('bx_organizations_view_actions_all', 'bx_organizations', 'profile-fan-add', '_bx_orgs_menu_item_title_system_become_fan', '', '', '', '', '', '', '', 0, 2147483647, '', 1, 0, 10),
('bx_organizations_view_actions_all', 'bx_organizations', 'profile-fan-remove', '_bx_orgs_menu_item_title_system_leave_organization', '', '', '', '', '', '', '', 0, 2147483647, '', 1, 0, 20),
('bx_organizations_view_actions_all', 'bx_organizations', 'profile-friend-add', '_bx_orgs_menu_item_title_system_befriend', '', '', '', '', '', '', '', 0, 2147483647, '', 1, 0, 30),
('bx_organizations_view_actions_all', 'bx_organizations', 'profile-friend-remove', '_bx_orgs_menu_item_title_system_unfriend', '', '', '', '', '', '', '', 0, 2147483647, '', 1, 0, 40),
('bx_organizations_view_actions_all', 'bx_organizations', 'profile-relation-add', '_bx_orgs_menu_item_title_system_relation_add', '', '', '', '', '', '', '', 0, 2147483647, '', 1, 0, 43),
('bx_organizations_view_actions_all', 'bx_organizations', 'profile-relation-remove', '_bx_orgs_menu_item_title_system_relation_delete', '', '', '', '', '', '', '', 0, 2147483647, '', 1, 0, 47),
('bx_organizations_view_actions_all', 'bx_organizations', 'profile-subscribe-add', '_bx_orgs_menu_item_title_system_subscribe', '', '', '', '', '', '', '', 0, 2147483647, '', 1, 0, 50),
('bx_organizations_view_actions_all', 'bx_organizations', 'profile-subscribe-remove', '_bx_orgs_menu_item_title_system_unsubscribe', '', '', '', '', '', '', '', 0, 2147483647, '', 1, 0, 60),
('bx_organizations_view_actions_all', 'bx_organizations', 'profile-set-acl-level', '_sys_menu_item_title_system_set_acl_level', '', '', '', '', '', '', '', 0, 2147483647, '', 1, 0, 70),
('bx_organizations_view_actions_all', 'bx_organizations', 'profile-set-badges', '_sys_menu_item_title_system_set_badges', '', '', '', '', '', '', '', 0, 192, 'a:2:{s:6:"module";s:16:"bx_organizations";s:6:"method";s:19:"is_badges_avaliable";}', 1, 0, 80),
('bx_organizations_view_actions_all', 'bx_organizations', 'comment', '_sys_menu_item_title_system_va_comment', '', '', '', '', '', '', '', 0, 2147483647, '', 0, 0, 200),
('bx_organizations_view_actions_all', 'bx_organizations', 'view', '_sys_menu_item_title_system_va_view', '', '', '', '', '', '', '', 0, 2147483647, '', 0, 0, 210),
('bx_organizations_view_actions_all', 'bx_organizations', 'vote', '_sys_menu_item_title_system_va_vote', '', '', '', '', '', '', '', 0, 2147483647, '', 1, 0, 215),
('bx_organizations_view_actions_all', 'bx_organizations', 'score', '_sys_menu_item_title_system_va_score', '', '', '', '', '', '', '', 0, 2147483647, '', 1, 0, 220),
('bx_organizations_view_actions_all', 'bx_organizations', 'favorite', '_sys_menu_item_title_system_va_favorite', '', '', '', '', '', '', '', 0, 2147483647, '', 1, 0, 230),
('bx_organizations_view_actions_all', 'bx_organizations', 'feature', '_sys_menu_item_title_system_va_feature', '', '', '', '', '', '', '', 0, 2147483647, '', 1, 0, 240),
('bx_organizations_view_actions_all', 'bx_organizations', 'report', '_sys_menu_item_title_system_va_report', '', '', '', '', '', '', '', 0, 2147483647, '', 1, 0, 260),
('bx_organizations_view_actions_all', 'bx_organizations', 'social-sharing', '_sys_menu_item_title_system_social_sharing', '_sys_menu_item_title_social_sharing', 'javascript:void(0)', 'oBxDolPage.share(this, \'{url_encoded}\')', '', 'share', '', '', 0, 2147483647, '', 1, 0, 300),
('bx_organizations_view_actions_all', 'bx_organizations', 'more-auto', '_sys_menu_item_title_system_va_more_auto', '_sys_menu_item_title_va_more_auto', 'javascript:void(0)', '', '', 'ellipsis-v', '', '', 0, 2147483647, '', 1, 0, 9999);

-- MENU: meta (counters) menu for view entry

INSERT INTO `sys_objects_menu`(`object`, `title`, `set_name`, `module`, `template_id`, `deletable`, `active`, `override_class_name`, `override_class_file`) VALUES 
('bx_organizations_view_meta', '_bx_orgs_menu_title_view_profile_meta', 'bx_organizations_view_meta', 'bx_organizations', 15, 0, 1, 'BxOrgsMenuViewMeta', 'modules/boonex/organizations/classes/BxOrgsMenuViewMeta.php');

INSERT INTO `sys_menu_sets`(`set_name`, `module`, `title`, `deletable`) VALUES 
('bx_organizations_view_meta', 'bx_organizations', '_bx_orgs_menu_set_title_view_profile_meta', 0);

INSERT INTO `sys_menu_items`(`set_name`, `module`, `name`, `title_system`, `title`, `link`, `onclick`, `target`, `icon`, `submenu_object`, `submenu_popup`, `visible_for_levels`, `visibility_custom`, `active`, `copyable`, `order`) VALUES 
('bx_organizations_view_meta', 'bx_organizations', 'membership', '_sys_menu_item_title_system_vm_membership', '_sys_menu_item_title_vm_membership', '', '', '', '', '', 0, 2147483647, '', 1, 0, 10),
('bx_organizations_view_meta', 'bx_organizations', 'badges', '_sys_menu_item_title_system_vm_badges', '_sys_menu_item_title_vm_badges', '', '', '', '', '', 0, 2147483647, '', 1, 0, 20),
('bx_organizations_view_meta', 'bx_organizations', 'members', '_sys_menu_item_title_system_sm_members', '_sys_menu_item_title_sm_members', '', '', '', '', '', 0, 2147483647, '', 1, 0, 30),
('bx_organizations_view_meta', 'bx_organizations', 'subscribers', '_sys_menu_item_title_system_sm_subscribers', '_sys_menu_item_title_sm_subscribers', '', '', '', '', '', 0, 2147483647, '', 1, 0, 40),
('bx_organizations_view_meta', 'bx_organizations', 'views', '_sys_menu_item_title_system_sm_views', '_sys_menu_item_title_sm_views', '', '', '', '', '', 0, 2147483647, '', 1, 0, 50),
('bx_organizations_view_meta', 'bx_organizations', 'votes', '_sys_menu_item_title_system_sm_votes', '_sys_menu_item_title_sm_votes', '', '', '', '', '', 0, 2147483647, '', 1, 0, 60),
('bx_organizations_view_meta', 'bx_organizations', 'comments', '_sys_menu_item_title_system_sm_comments', '_sys_menu_item_title_sm_comments', '', '', '', '', '', 0, 2147483647, '', 1, 0, 70);

-- MENU: actions menu for my entries

INSERT INTO `sys_objects_menu`(`object`, `title`, `set_name`, `module`, `template_id`, `deletable`, `active`, `override_class_name`, `override_class_file`) VALUES 
('bx_organizations_my', '_bx_orgs_menu_title_entries_my', 'bx_organizations_my', 'bx_organizations', 9, 0, 1, 'BxOrgsMenu', 'modules/boonex/organizations/classes/BxOrgsMenu.php');

INSERT INTO `sys_menu_sets`(`set_name`, `module`, `title`, `deletable`) VALUES 
('bx_organizations_my', 'bx_organizations', '_bx_orgs_menu_set_title_entries_my', 0);

INSERT INTO `sys_menu_items`(`set_name`, `module`, `name`, `title_system`, `title`, `link`, `onclick`, `target`, `icon`, `submenu_object`, `visible_for_levels`, `active`, `copyable`, `order`) VALUES 
('bx_organizations_my', 'bx_organizations', 'create-organization-profile', '_bx_orgs_menu_item_title_system_new_profile', '_bx_orgs_menu_item_title_new_profile', 'page.php?i=create-organization-profile', '', '', 'plus', '', 2147483647, 1, 0, 0);

-- MENU: module sub-menu
INSERT INTO `sys_objects_menu`(`object`, `title`, `set_name`, `module`, `template_id`, `deletable`, `active`, `override_class_name`, `override_class_file`) VALUES 
('bx_organizations_submenu', '_bx_orgs_menu_title_submenu', 'bx_organizations_submenu', 'bx_organizations', 8, 0, 1, '', '');

INSERT INTO `sys_menu_sets`(`set_name`, `module`, `title`, `deletable`) VALUES 
('bx_organizations_submenu', 'bx_organizations', '_bx_orgs_menu_set_title_submenu', 0);

INSERT INTO `sys_menu_items`(`set_name`, `module`, `name`, `title_system`, `title`, `link`, `onclick`, `target`, `icon`, `submenu_object`, `visible_for_levels`, `active`, `copyable`, `order`) VALUES 
('bx_organizations_submenu', 'bx_organizations', 'organizations-home', '_bx_orgs_menu_item_title_system_entries_recent', '_bx_orgs_menu_item_title_entries_recent', 'page.php?i=organizations-home', '', '', '', '', 2147483647, 1, 1, 1),
('bx_organizations_submenu', 'bx_organizations', 'organizations-active', '_bx_orgs_menu_item_title_system_entries_active', '_bx_orgs_menu_item_title_entries_active', 'page.php?i=organizations-active', '', '', '', '', 2147483647, 1, 1, 2),
('bx_organizations_submenu', 'bx_organizations', 'organizations-online', '_bx_orgs_menu_item_title_system_entries_online', '_bx_orgs_menu_item_title_entries_online', 'page.php?i=organizations-online', '', '', '', '', 2147483647, 1, 1, 3),
('bx_organizations_submenu', 'bx_organizations', 'organizations-search', '_bx_orgs_menu_item_title_system_entries_search', '_bx_orgs_menu_item_title_entries_search', 'page.php?i=organizations-search', '', '', '', '', 2147483647, 1, 1, 4),
('bx_organizations_submenu', 'bx_organizations', 'organizations-manage', '_bx_orgs_menu_item_title_system_entries_manage', '_bx_orgs_menu_item_title_entries_manage', 'page.php?i=organizations-manage', '', '', '', '', 2147483646, 1, 1, 5);

-- MENU: view submenu
INSERT INTO `sys_objects_menu`(`object`, `title`, `set_name`, `module`, `template_id`, `deletable`, `active`, `override_class_name`, `override_class_file`) VALUES 
('bx_organizations_view_submenu', '_bx_orgs_menu_title_view_profile_submenu', 'bx_organizations_view_submenu', 'bx_organizations', 18, 0, 1, 'BxOrgsMenuView', 'modules/boonex/organizations/classes/BxOrgsMenuView.php');

INSERT INTO `sys_menu_sets`(`set_name`, `module`, `title`, `deletable`) VALUES 
('bx_organizations_view_submenu', 'bx_organizations', '_bx_orgs_menu_set_title_view_profile_submenu', 0);

INSERT INTO `sys_menu_items`(`set_name`, `module`, `name`, `title_system`, `title`, `link`, `onclick`, `target`, `icon`, `addon`, `submenu_object`, `submenu_popup`, `visible_for_levels`, `active`, `copyable`, `order`) VALUES 
('bx_organizations_view_submenu', 'bx_organizations', 'view-organization-profile', '_bx_orgs_menu_item_title_system_view_profile_view', '_bx_orgs_menu_item_title_view_profile_view', 'page.php?i=view-organization-profile&id={content_id}', '', '', 'briefcase col-red2', '', '', 0, 2147483647, 1, 0, 1),
('bx_organizations_view_submenu', 'bx_organizations', 'organization-profile-info', '_bx_orgs_menu_item_title_system_view_profile_info', '_bx_orgs_menu_item_title_view_profile_info', 'page.php?i=organization-profile-info&id={content_id}', '', '', 'info-circle col-gray', '', '', 0, 2147483647, 1, 0, 2),
('bx_organizations_view_submenu', 'bx_organizations', 'organization-profile-fans', '_bx_orgs_menu_item_title_system_view_profile_fans', '_bx_orgs_menu_item_title_view_profile_fans', 'page.php?i=organization-profile-fans&profile_id={profile_id}', '', '', 'users col-blue3', '', '', 0, 2147483647, 1, 0, 3),
('bx_organizations_view_submenu', 'bx_organizations', 'organization-profile-friends', '_bx_orgs_menu_item_title_system_view_profile_friends', '_bx_orgs_menu_item_title_view_profile_friends', 'page.php?i=organization-profile-friends&profile_id={profile_id}', '', '', 'users col-blue3', '', '', 0, 2147483647, 1, 0, 4),
('bx_organizations_view_submenu', 'bx_organizations', 'organization-profile-relations', '_bx_orgs_menu_item_title_system_view_profile_relations', '_bx_orgs_menu_item_title_view_profile_relations', 'page.php?i=organization-profile-relations&profile_id={profile_id}', '', '', 'sync col-blue3', '', '', 0, 2147483647, 1, 0, 5),
('bx_organizations_view_submenu', 'bx_organizations', 'organization-profile-subscriptions', '_bx_orgs_menu_item_title_system_view_profile_subscriptions', '_bx_orgs_menu_item_title_view_profile_subscriptions', 'page.php?i=organization-profile-subscriptions&profile_id={profile_id}', '', '', 'check col-blue3', '', '', 0, 2147483647, 1, 0, 6),
('bx_organizations_view_submenu', 'bx_organizations', 'organization-profile-comments', '_bx_orgs_menu_item_title_system_view_profile_comments', '_bx_orgs_menu_item_title_view_profile_comments', 'page.php?i=organization-profile-comments&id={content_id}', '', '', '', '', '', 0, 2147483647, 0, 0, 7),
('bx_organizations_view_submenu', 'bx_organizations', 'more-auto', '_bx_orgs_menu_item_title_system_view_profile_more_auto', '_bx_orgs_menu_item_title_view_profile_more_auto', 'javascript:void(0)', '', '', 'ellipsis-v', '', '', 0, 2147483647, 1, 0, 9999);

-- MENU: custom menu for snippet meta info
INSERT INTO `sys_objects_menu`(`object`, `title`, `set_name`, `module`, `template_id`, `deletable`, `active`, `override_class_name`, `override_class_file`) VALUES 
('bx_organizations_snippet_meta', '_sys_menu_title_snippet_meta', 'bx_organizations_snippet_meta', 'bx_organizations', 15, 0, 1, 'BxOrgsMenuSnippetMeta', 'modules/boonex/organizations/classes/BxOrgsMenuSnippetMeta.php');

INSERT INTO `sys_menu_sets`(`set_name`, `module`, `title`, `deletable`) VALUES 
('bx_organizations_snippet_meta', 'bx_organizations', '_sys_menu_set_title_snippet_meta', 0);

INSERT INTO `sys_menu_items`(`set_name`, `module`, `name`, `title_system`, `title`, `link`, `onclick`, `target`, `icon`, `submenu_object`, `visible_for_levels`, `visibility_custom`, `hidden_on_cxt`, `active`, `copyable`, `editable`, `order`) VALUES
('bx_organizations_snippet_meta', 'bx_organizations', 'friends-mutual', '_sys_menu_item_title_system_sm_friends_mutual', '_sys_menu_item_title_sm_friends_mutual', '', '', '', '', '', 2147483647, '', 'all!recom_friends', 1, 0, 1, 0),
('bx_organizations_snippet_meta', 'bx_organizations', 'date', '_sys_menu_item_title_system_sm_date', '_sys_menu_item_title_sm_date', '', '', '', '', '', 2147483647, '', '', 0, 0, 1, 1),
('bx_organizations_snippet_meta', 'bx_organizations', 'category', '_sys_menu_item_title_system_sm_category', '_sys_menu_item_title_sm_category', '', '', '', '', '', 2147483647, '', '', 0, 0, 1, 5),
('bx_organizations_snippet_meta', 'bx_organizations', 'tags', '_sys_menu_item_title_system_sm_tags', '_sys_menu_item_title_sm_tags', '', '', '', '', '', 2147483647, '', '', 0, 0, 1, 10),
('bx_organizations_snippet_meta', 'bx_organizations', 'views', '_sys_menu_item_title_system_sm_views', '_sys_menu_item_title_sm_views', '', '', '', '', '', 2147483647, '', '', 0, 0, 1, 15),
('bx_organizations_snippet_meta', 'bx_organizations', 'comments', '_sys_menu_item_title_system_sm_comments', '_sys_menu_item_title_sm_comments', '', '', '', '', '', 2147483647, '', '', 0, 0, 1, 20),
('bx_organizations_snippet_meta', 'bx_organizations', 'members', '_sys_menu_item_title_system_sm_members', '_sys_menu_item_title_sm_members', '', '', '', '', '', 2147483647, '', 'recom_friends,recom_subscriptions', 1, 0, 1, 25),
('bx_organizations_snippet_meta', 'bx_organizations', 'friends', '_sys_menu_item_title_system_sm_friends', '_sys_menu_item_title_sm_friends', '', '', '', '', '', 2147483647, '', 'recom_friends,recom_subscriptions', 1, 0, 1, 30),
('bx_organizations_snippet_meta', 'bx_organizations', 'subscribers', '_sys_menu_item_title_system_sm_subscribers', '_sys_menu_item_title_sm_subscribers', '', '', '', '', '', 2147483647, '', 'recom_friends', 0, 0, 1, 35),
('bx_organizations_snippet_meta', 'bx_organizations', 'membership', '_sys_menu_item_title_system_sm_membership', '_sys_menu_item_title_sm_membership', '', '', '', '', '', 2147483647, '', '', 0, 0, 1, 40),
('bx_organizations_snippet_meta', 'bx_organizations', 'nl', '_sys_menu_item_title_system_sm_nl', '_sys_menu_item_title_sm_nl', '', '', '', '', '', 2147483647, '', '', 1, 0, 1, 45),
('bx_organizations_snippet_meta', 'bx_organizations', 'join-paid', '_sys_menu_item_title_system_sm_join_paid', '_sys_menu_item_title_sm_join_paid', '', '', '', '', '', 2147483647, 'a:3:{s:6:"module";s:16:"bx_organizations";s:6:"method";s:33:"is_paid_join_avaliable_by_content";s:6:"params";a:1:{i:0;s:12:"{content_id}";}}', 'friends,friend_requests,friend_requested,subscriptions,subscribed_me,recom_friends,recom_subscriptions', 1, 0, 1, 50),
('bx_organizations_snippet_meta', 'bx_organizations', 'join', '_sys_menu_item_title_system_sm_join', '_sys_menu_item_title_sm_join', '', '', '', '', '', 2147483647, 'a:3:{s:6:"module";s:16:"bx_organizations";s:6:"method";s:33:"is_free_join_avaliable_by_content";s:6:"params";a:1:{i:0;s:12:"{content_id}";}}', 'friends,friend_requests,friend_requested,subscriptions,subscribed_me,recom_friends,recom_subscriptions', 1, 0, 1, 55),
('bx_organizations_snippet_meta', 'bx_organizations', 'leave', '_sys_menu_item_title_system_sm_leave', '_sys_menu_item_title_sm_leave', '', '', '', '', '', 2147483647, '', 'friends,friend_requests,friend_requested,subscriptions,subscribed_me,recom_friends,recom_subscriptions', 1, 0, 1, 60),
('bx_organizations_snippet_meta', 'bx_organizations', 'befriend', '_sys_menu_item_title_system_sm_befriend', '_sys_menu_item_title_sm_befriend', '', '', '', '', '', 2147483647, '', 'recom_subscriptions', 1, 0, 1, 65),
('bx_organizations_snippet_meta', 'bx_organizations', 'unfriend', '_sys_menu_item_title_system_sm_unfriend', '_sys_menu_item_title_sm_unfriend', '', '', '', '', '', 2147483647, '', 'recom_friends,recom_subscriptions', 1, 0, 1, 70),
('bx_organizations_snippet_meta', 'bx_organizations', 'subscribe', '_sys_menu_item_title_system_sm_subscribe', '_sys_menu_item_title_sm_subscribe', '', '', '', '', '', 2147483647, '', 'recom_friends', 1, 0, 1, 75),
('bx_organizations_snippet_meta', 'bx_organizations', 'unsubscribe', '_sys_menu_item_title_system_sm_unsubscribe', '_sys_menu_item_title_sm_unsubscribe', '', '', '', '', '', 2147483647, '', 'recom_friends,recom_subscriptions', 1, 0, 1, 80),
('bx_organizations_snippet_meta', 'bx_organizations', 'ignore-befriend', '_sys_menu_item_title_system_sm_ignore_befriend', '_sys_menu_item_title_sm_ignore', '', '', '', '', '', 2147483647, '', 'all!recom_friends', 1, 0, 1, 85),
('bx_organizations_snippet_meta', 'bx_organizations', 'ignore-subscribe', '_sys_menu_item_title_system_sm_ignore_subscribe', '_sys_menu_item_title_sm_ignore', '', '', '', '', '', 2147483647, '', 'all!recom_subscriptions', 1, 0, 1, 90);

-- MENU: notifications menu in account popup
SET @iNotifMenuOrder = (SELECT IFNULL(MAX(`order`), 0) FROM `sys_menu_items` WHERE `set_name` = 'sys_account_notifications' AND `active` = 1 AND `order` < 9999 ORDER BY `order` DESC LIMIT 1);
INSERT INTO `sys_menu_items` (`set_name`, `module`, `name`, `title_system`, `title`, `link`, `onclick`, `target`, `icon`, `addon`, `submenu_object`, `visible_for_levels`, `visibility_custom`, `active`, `copyable`, `order`) VALUES
('sys_account_notifications', 'bx_organizations', 'notifications-friend-requests', '_bx_orgs_menu_item_title_system_friends', '_bx_orgs_menu_item_title_friends', 'page.php?i=organization-profile-friends&profile_id={member_id}', '', '', 'group col-red2', 'a:4:{s:6:"module";s:6:"system";s:6:"method";s:31:"get_unconfirmed_connections_num";s:6:"params";a:1:{i:0;s:20:"sys_profiles_friends";}s:5:"class";s:23:"TemplServiceConnections";}', '', 2147483646, '', 1, 0, @iNotifMenuOrder + 1),
('sys_account_notifications', 'bx_organizations', 'notifications-relation-requests', '_bx_orgs_menu_item_title_system_relations', '_bx_orgs_menu_item_title_relations', 'page.php?i=organization-profile-relations&profile_id={member_id}', '', '', 'sync col-blue3', 'a:4:{s:6:"module";s:6:"system";s:6:"method";s:31:"get_unconfirmed_connections_num";s:6:"params";a:1:{i:0;s:22:"sys_profiles_relations";}s:5:"class";s:23:"TemplServiceConnections";}', '', 2147483646, 'a:2:{s:6:"module";s:16:"bx_organizations";s:6:"method";s:19:"is_enable_relations";}', 1, 0, @iNotifMenuOrder + 2);

-- MENU: profile stats
SET @iNotifMenuOrder = (SELECT IFNULL(MAX(`order`), 0) FROM `sys_menu_items` WHERE `set_name` = 'sys_profile_stats' AND `active` = 1 LIMIT 1);
INSERT INTO `sys_menu_items` (`set_name`, `module`, `name`, `title_system`, `title`, `link`, `onclick`, `target`, `icon`, `addon`, `submenu_object`, `visible_for_levels`, `visibility_custom`, `active`, `copyable`, `order`) VALUES
('sys_profile_stats', 'bx_organizations', 'profile-stats-friend-requests', '_bx_orgs_menu_item_title_system_friend_requests', '_bx_orgs_menu_item_title_friend_requests', 'page.php?i=organization-profile-friends&profile_id={member_id}', '', '', 'briefcase col-red2', 'a:4:{s:6:"module";s:6:"system";s:6:"method";s:31:"get_unconfirmed_connections_num";s:6:"params";a:1:{i:0;s:20:"sys_profiles_friends";}s:5:"class";s:23:"TemplServiceConnections";}', '', 2147483646, '', 0, 0, @iNotifMenuOrder + 1),
('sys_profile_stats', 'bx_organizations', 'profile-stats-manage-organizations', '_bx_orgs_menu_item_title_system_manage_my_organizations', '_bx_orgs_menu_item_title_manage_my_organizations', 'page.php?i=organizations-manage', '', '_self', 'briefcase col-red2', 'a:2:{s:6:"module";s:16:"bx_organizations";s:6:"method";s:41:"get_menu_addon_manage_tools_profile_stats";}', '', 2147483646, '', 1, 0, @iNotifMenuOrder + 2),
('sys_profile_stats', 'bx_organizations', 'profile-stats-favorite-organizations', '_bx_orgs_menu_item_title_system_favorites', '_bx_orgs_menu_item_title_favorites', 'page.php?i=organization-profile-favorites&profile_id={member_id}', '', '', 'star col-red2', 'a:2:{s:6:"module";s:16:"bx_organizations";s:6:"method";s:38:"get_menu_addon_favorites_profile_stats";}', '', 2147483646, '', 1, 0, @iNotifMenuOrder + 3);

INSERT INTO `sys_menu_items` (`set_name`, `module`, `name`, `title_system`, `title`, `link`, `onclick`, `target`, `icon`, `addon`, `addon_cache`, `submenu_object`, `visible_for_levels`, `visibility_custom`, `active`, `copyable`, `order`) VALUES
('sys_profile_stats', 'bx_organizations', 'profile-stats-subscriptions', '_bx_orgs_menu_item_title_system_subscriptions', '_bx_orgs_menu_item_title_subscriptions', 'page.php?i=organization-profile-subscriptions&profile_id={member_id}#subscriptions', '', '_self', 'rss col-red2', 'a:4:{s:6:"module";s:6:"system";s:6:"method";s:25:"get_connected_content_num";s:6:"params";a:1:{i:0;s:26:"sys_profiles_subscriptions";}s:5:"class";s:23:"TemplServiceConnections";}', 0, '', 2147483646, '', 0, 0, @iNotifMenuOrder + 4),
('sys_profile_stats', 'bx_organizations', 'profile-stats-subscribed-me', '_bx_orgs_menu_item_title_system_subscribed_me', '_bx_orgs_menu_item_title_subscribed_me', 'page.php?i=organization-profile-subscriptions&profile_id={member_id}#subscribers', '', '_self', 'rss col-red2', 'a:4:{s:6:"module";s:6:"system";s:6:"method";s:28:"get_connected_initiators_num";s:6:"params";a:1:{i:0;s:26:"sys_profiles_subscriptions";}s:5:"class";s:23:"TemplServiceConnections";}', 1, '', 2147483646, '', 0, 0, @iNotifMenuOrder + 5);

INSERT INTO `sys_menu_items` (`set_name`, `module`, `name`, `title_system`, `title`, `link`, `onclick`, `target`, `icon`, `addon`, `submenu_object`, `visible_for_levels`, `visibility_custom`, `active`, `copyable`, `order`) VALUES
('sys_profile_stats', 'bx_organizations', 'profile-stats-relations', '_bx_orgs_menu_item_title_system_relations', '_bx_orgs_menu_item_title_relations', 'page.php?i=organization-profile-relations&profile_id={member_id}#relations', '', '_self', 'sync col-blue3', 'a:4:{s:6:"module";s:6:"system";s:6:"method";s:25:"get_connected_content_num";s:6:"params";a:3:{i:0;s:22:"sys_profiles_relations";i:1;i:0;i:2;i:1;}s:5:"class";s:23:"TemplServiceConnections";}', '', 2147483646, 'a:2:{s:6:"module";s:16:"bx_organizations";s:6:"method";s:19:"is_enable_relations";}', 1, 0, @iNotifMenuOrder + 6),
('sys_profile_stats', 'bx_organizations', 'profile-stats-related-me', '_bx_orgs_menu_item_title_system_related_me', '_bx_orgs_menu_item_title_related_me', 'page.php?i=organization-profile-relations&profile_id={member_id}#related-me', '', '_self', 'sync col-blue3', 'a:4:{s:6:"module";s:6:"system";s:6:"method";s:28:"get_connected_initiators_num";s:6:"params";a:3:{i:0;s:22:"sys_profiles_relations";i:1;i:0;i:2;i:1;}s:5:"class";s:23:"TemplServiceConnections";}', '', 2147483646, 'a:2:{s:6:"module";s:16:"bx_organizations";s:6:"method";s:19:"is_enable_relations";}', 1, 0, @iNotifMenuOrder + 7);

-- MENU: profile followings
SET @iFollowingsMenuOrder = (SELECT IFNULL(MAX(`order`), 0) FROM `sys_menu_items` WHERE `set_name`='sys_profile_followings' LIMIT 1);
INSERT INTO `sys_menu_items`(`set_name`, `module`, `name`, `title_system`, `title`, `link`, `onclick`, `target`, `icon`, `addon`, `submenu_object`, `visible_for_levels`, `collapsed`, `active`, `copyable`, `order`) VALUES 
('sys_profile_followings', 'bx_organizations', 'organizations', '_bx_orgs_menu_item_title_system_followings', '_bx_orgs_menu_item_title_followings', 'javascript:void(0)', '', '_self', 'briefcase col-red2', '', '', 2147483647, 0, 1, 0, @iFollowingsMenuOrder + 1);

-- MENU: manage tools submenu
INSERT INTO `sys_objects_menu`(`object`, `title`, `set_name`, `module`, `template_id`, `deletable`, `active`, `override_class_name`, `override_class_file`) VALUES 
('bx_organizations_menu_manage_tools', '_bx_orgs_menu_title_manage_tools', 'bx_organizations_menu_manage_tools', 'bx_organizations', 6, 0, 1, 'BxOrgsMenuManageTools', 'modules/boonex/organizations/classes/BxOrgsMenuManageTools.php');

INSERT INTO `sys_menu_sets`(`set_name`, `module`, `title`, `deletable`) VALUES 
('bx_organizations_menu_manage_tools', 'bx_organizations', '_bx_orgs_menu_set_title_manage_tools', 0);

INSERT INTO `sys_menu_items`(`set_name`, `module`, `name`, `title_system`, `title`, `link`, `onclick`, `target`, `icon`, `submenu_object`, `visible_for_levels`, `active`, `copyable`, `order`) VALUES 
('bx_organizations_menu_manage_tools', 'bx_organizations', 'clear-reports', '_bx_corgs_menu_item_title_system_clear_reports', '_bx_orgs_menu_item_title_clear_reports', 'javascript:void(0)', 'javascript:{js_object}.onClickClearReports({content_id});', '_self', 'eraser', '', 2147483647, 1, 0, 1),
('bx_organizations_menu_manage_tools', 'bx_organizations', 'delete-with-content', '_bx_orgs_menu_item_title_system_delete_with_content', '_bx_orgs_menu_item_title_delete_with_content', 'javascript:void(0)', 'javascript:{js_object}.onClickDeleteWithContent({content_id});', '_self', 'far trash-alt', '', 2147483647, 1, 0, 99);

-- MENU: dashboard manage tools
SET @iManageMenuOrder = (SELECT IFNULL(MAX(`order`), 0) FROM `sys_menu_items` WHERE `set_name`='sys_account_dashboard_manage_tools' LIMIT 1);
INSERT INTO `sys_menu_items`(`set_name`, `module`, `name`, `title_system`, `title`, `link`, `onclick`, `target`, `icon`, `addon`, `submenu_object`, `visible_for_levels`, `active`, `copyable`, `order`) VALUES 
('sys_account_dashboard_manage_tools', 'bx_organizations', 'organizations-administration', '_bx_orgs_menu_item_title_system_admt_organizations', '_bx_orgs_menu_item_title_admt_organizations', 'page.php?i=organizations-administration', '', '_self', 'briefcase', 'a:2:{s:6:"module";s:16:"bx_organizations";s:6:"method";s:27:"get_menu_addon_manage_tools";}', '', 192, 1, 0, @iManageMenuOrder + 1);

-- MENU: add menu item to profiles modules (trigger* menu sets are processed separately upon modules enable/disable)
INSERT INTO `sys_menu_items`(`set_name`, `module`, `name`, `title_system`, `title`, `link`, `onclick`, `target`, `icon`, `submenu_object`, `visible_for_levels`, `active`, `copyable`, `order`) VALUES 
('trigger_profile_view_submenu', 'bx_organizations', 'joined-organizations', '_bx_orgs_menu_item_title_system_view_joined_groups', '_bx_orgs_menu_item_title_view_joined_groups', 'page.php?i=joined-organizations&profile_id={profile_id}', '', '', 'briefcase col-red2', '', 2147483647, 1, 0, 0);


-- ACL
INSERT INTO `sys_acl_actions` (`Module`, `Name`, `AdditionalParamName`, `Title`, `Desc`, `Countable`, `DisabledForLevels`) VALUES
('bx_organizations', 'create entry', NULL, '_bx_orgs_acl_action_create_profile', '', 1, 1);
SET @iIdActionProfileCreate = LAST_INSERT_ID();

INSERT INTO `sys_acl_actions` (`Module`, `Name`, `AdditionalParamName`, `Title`, `Desc`, `Countable`, `DisabledForLevels`) VALUES
('bx_organizations', 'use paid join', NULL, '_bx_orgs_acl_action_use_paid_join', '', 1, 1);
SET @iIdActionUsePaidJoin = LAST_INSERT_ID();

INSERT INTO `sys_acl_actions` (`Module`, `Name`, `AdditionalParamName`, `Title`, `Desc`, `Countable`, `DisabledForLevels`) VALUES
('bx_organizations', 'delete entry', NULL, '_bx_orgs_acl_action_delete_profile', '', 1, 1);
SET @iIdActionProfileDelete = LAST_INSERT_ID();

INSERT INTO `sys_acl_actions` (`Module`, `Name`, `AdditionalParamName`, `Title`, `Desc`, `Countable`, `DisabledForLevels`) VALUES
('bx_organizations', 'view entry', NULL, '_bx_orgs_acl_action_view_profile', '', 1, 0);
SET @iIdActionProfileView = LAST_INSERT_ID();

INSERT INTO `sys_acl_actions` (`Module`, `Name`, `AdditionalParamName`, `Title`, `Desc`, `Countable`, `DisabledForLevels`) VALUES
('bx_organizations', 'edit any entry', NULL, '_bx_orgs_acl_action_edit_any_profile', '', 1, 3);
SET @iIdActionProfileEditAny = LAST_INSERT_ID();

INSERT INTO `sys_acl_actions` (`Module`, `Name`, `AdditionalParamName`, `Title`, `Desc`, `Countable`, `DisabledForLevels`) VALUES
('bx_organizations', 'delete any entry', NULL, '_bx_orgs_acl_action_delete_any_profile', '', 1, 3);
SET @iIdActionProfileDeleteAny = LAST_INSERT_ID();

INSERT INTO `sys_acl_actions` (`Module`, `Name`, `AdditionalParamName`, `Title`, `Desc`, `Countable`, `DisabledForLevels`) VALUES
('bx_organizations', 'delete invites', NULL, '_bx_orgs_acl_action_delete_invites', '', 1, 3);
SET @iIdActionProfileDeleteInvites = LAST_INSERT_ID();

SET @iUnauthenticated = 1;
SET @iAccount = 2;
SET @iStandard = 3;
SET @iUnconfirmed = 4;
SET @iPending = 5;
SET @iSuspended = 6;
SET @iModerator = 7;
SET @iAdministrator = 8;
SET @iPremium = 9;

INSERT INTO `sys_acl_matrix` (`IDLevel`, `IDAction`) VALUES

-- profile create
(@iAccount, @iIdActionProfileCreate),
(@iStandard, @iIdActionProfileCreate),
(@iUnconfirmed, @iIdActionProfileCreate),
(@iPending, @iIdActionProfileCreate),
(@iModerator, @iIdActionProfileCreate),
(@iAdministrator, @iIdActionProfileCreate),
(@iPremium, @iIdActionProfileCreate),

-- use paid join
(@iStandard, @iIdActionUsePaidJoin),
(@iModerator, @iIdActionUsePaidJoin),
(@iAdministrator, @iIdActionUsePaidJoin),
(@iPremium, @iIdActionUsePaidJoin),

-- profile delete
(@iAccount, @iIdActionProfileDelete),
(@iStandard, @iIdActionProfileDelete),
(@iUnconfirmed, @iIdActionProfileDelete),
(@iPending, @iIdActionProfileDelete),
(@iModerator, @iIdActionProfileDelete),
(@iAdministrator, @iIdActionProfileDelete),
(@iPremium, @iIdActionProfileDelete),

-- profile view
(@iUnauthenticated, @iIdActionProfileView),
(@iAccount, @iIdActionProfileView),
(@iStandard, @iIdActionProfileView),
(@iUnconfirmed, @iIdActionProfileView),
(@iPending, @iIdActionProfileView),
(@iModerator, @iIdActionProfileView),
(@iAdministrator, @iIdActionProfileView),
(@iPremium, @iIdActionProfileView),

-- any profile edit
(@iModerator, @iIdActionProfileEditAny),
(@iAdministrator, @iIdActionProfileEditAny),

-- any profile delete
(@iAdministrator, @iIdActionProfileDeleteAny),

-- any invites delete
(@iModerator, @iIdActionProfileDeleteInvites),
(@iAdministrator, @iIdActionProfileDeleteInvites);


-- METATAGS
INSERT INTO `sys_objects_metatags` (`object`, `module`, `table_keywords`, `table_locations`, `table_mentions`, `override_class_name`, `override_class_file`) VALUES
('bx_organizations', 'bx_organizations', 'bx_organizations_meta_keywords', 'bx_organizations_meta_locations', 'bx_organizations_meta_mentions', '', '');


-- CATEGORY
INSERT INTO `sys_objects_category` (`object`, `module`, `search_object`, `form_object`, `list_name`, `table`, `field`, `join`, `where`, `override_class_name`, `override_class_file`) VALUES
('bx_organizations_cats', 'bx_organizations', 'bx_organizations', 'bx_organization', 'bx_organizations_cats', 'bx_organizations_data', 'org_cat', 'INNER JOIN `sys_profiles` ON (`sys_profiles`.`content_id` = `bx_organizations_data`.`id` AND `sys_profiles`.`type` = ''bx_organizations'')', 'AND `sys_profiles`.`status` = ''active''', '', '');


-- SEARCH
SET @iSearchOrder = (SELECT IFNULL(MAX(`Order`), 0) FROM `sys_objects_search`);
INSERT INTO `sys_objects_search` (`ObjectName`, `Title`, `Order`, `ClassName`, `ClassPath`) VALUES
('bx_organizations', '_bx_orgs', @iSearchOrder + 1, 'BxOrgsSearchResult', 'modules/boonex/organizations/classes/BxOrgsSearchResult.php'),
('bx_organizations_cmts', '_bx_orgs_cmts', @iSearchOrder + 2, 'BxOrgsCmtsSearchResult', 'modules/boonex/organizations/classes/BxOrgsCmtsSearchResult.php');


-- CONNECTIONS
INSERT INTO `sys_objects_connection` (`object`, `table`, `profile_initiator`, `profile_content`, `type`, `override_class_name`, `override_class_file`) VALUES
('bx_organizations_fans', 'bx_organizations_fans', 1, 1, 'mutual', 'BxOrgsConnectionFans', 'modules/boonex/organizations/classes/BxOrgsConnectionFans.php');


-- STATS
SET @iMaxOrderStats = (SELECT IFNULL(MAX(`order`), 0) FROM `sys_statistics`);
INSERT INTO `sys_statistics` (`module`, `name`, `title`, `link`, `icon`, `query`, `order`) VALUES 
('bx_organizations', 'bx_organizations', '_bx_orgs', 'page.php?i=organizations-home', 'briefcase col-red2', 'SELECT COUNT(*) FROM `bx_organizations_data` AS `td` LEFT JOIN `sys_profiles` AS `tp` ON `td`.`id` = `tp`.`content_id` AND `tp`.`type`=''bx_organizations'' WHERE 1 AND `tp`.`status`=''active''', @iMaxOrderStats + 1);


-- CHARTS
SET @iMaxOrderCharts = (SELECT IFNULL(MAX(`order`), 0) FROM `sys_objects_chart`);
INSERT INTO `sys_objects_chart` (`object`, `title`, `table`, `field_date_ts`, `field_date_dt`, `field_status`, `query`, `active`, `order`, `class_name`, `class_file`) VALUES
('bx_organizations_growth', '_bx_orgs_chart_growth', 'bx_organizations_data', 'added', '', '', 'SELECT {field_date_formatted} AS `period`, COUNT(*) AS {object} FROM {table} LEFT JOIN `sys_profiles` AS `tp` ON {table}.`id` = `tp`.`content_id` AND `tp`.`type`=''bx_organizations'' WHERE 1 AND `tp`.`status`=''active'' {where_inteval} GROUP BY `period` ORDER BY {table}.{field_date} ASC', 1, @iMaxOrderCharts + 1, 'BxDolChartGrowth', ''),
('bx_organizations_growth_speed', '_bx_orgs_chart_growth_speed', 'bx_organizations_data', 'added', '', '', 'SELECT {field_date_formatted} AS `period`, COUNT(*) AS {object} FROM {table} LEFT JOIN `sys_profiles` AS `tp` ON {table}.`id` = `tp`.`content_id` AND `tp`.`type`=''bx_organizations'' WHERE 1 AND `tp`.`status`=''active'' {where_inteval} GROUP BY `period` ORDER BY {table}.{field_date} ASC', 1, @iMaxOrderCharts + 2, 'BxDolChartGrowthSpeed', '');


-- GRID: connections
INSERT INTO `sys_objects_grid` (`object`, `source_type`, `source`, `table`, `field_id`, `field_order`, `field_active`, `paginate_url`, `paginate_per_page`, `paginate_simple`, `paginate_get_start`, `paginate_get_per_page`, `filter_fields`, `filter_fields_translatable`, `filter_mode`, `sorting_fields`, `sorting_fields_translatable`, `visible_for_levels`, `responsive`, `override_class_name`, `override_class_file`) VALUES
('bx_organizations_fans', 'Sql', 'SELECT `p`.`id`, `c`.`added`, `c`.`mutual` FROM `sys_profiles` AS `p` INNER JOIN `sys_accounts` AS `a` ON (`a`.`id` = `p`.`account_id`) {join_connections}', 'sys_profiles', 'id', 'c`.`added', '', '', 10, NULL, 'start', '', 'name,email', '', 'auto', '', '', 2147483647, 1, 'BxOrgsGridConnections', 'modules/boonex/organizations/classes/BxOrgsGridConnections.php');

INSERT INTO `sys_grid_fields` (`object`, `name`, `title`, `width`, `params`, `order`) VALUES
('bx_organizations_fans', 'name', '_sys_name', '50%', '', 10),
('bx_organizations_fans', 'role', '_bx_orgs_txt_role', '10%', '', 15),
('bx_organizations_fans', 'role_added', '_bx_orgs_txt_role_added', '10%', '', 16),
('bx_organizations_fans', 'role_expired', '_bx_orgs_txt_role_expired', '10%', '', 17),
('bx_organizations_fans', 'actions', '', '20%', '', 20);

INSERT INTO `sys_grid_actions` (`object`, `type`, `name`, `title`, `icon`, `confirm`, `order`) VALUES
('bx_organizations_fans', 'single', 'accept', '_sys_accept', '', 0, 10),
('bx_organizations_fans', 'single', 'set_role', '_bx_orgs_txt_set_role', '', 0, 20),
('bx_organizations_fans', 'single', 'set_role_submit', '', '', 0, 21),
('bx_organizations_fans', 'single', 'delete', '', 'remove', 1, 40);

-- GRID: invites
INSERT INTO `sys_objects_grid` (`object`, `source_type`, `source`, `table`, `field_id`, `field_order`, `field_active`, `paginate_url`, `paginate_per_page`, `paginate_simple`, `paginate_get_start`, `paginate_get_per_page`, `filter_fields`, `filter_fields_translatable`, `filter_mode`, `sorting_fields`, `sorting_fields_translatable`, `visible_for_levels`, `responsive`, `override_class_name`, `override_class_file`) VALUES
('bx_organizations_invites', 'Sql', 'SELECT `i`.`id`, `i`.`invited_profile_id`, `i`.`added`, `i`.`author_profile_id` FROM `sys_profiles` AS `p` INNER JOIN `sys_accounts` AS `a` ON `a`.`id` = `p`.`account_id` INNER JOIN `bx_organizations_invites` AS `i` ON `i`.`invited_profile_id` = `p`.`id` ', 'bx_organizations_invites', 'id', 'i`.`added', '', '', 10, NULL, 'start', '', 'name,email', '', 'auto', '', '', 2147483647, 0, 'BxOrgsGridInvites', 'modules/boonex/organizations/classes/BxOrgsGridInvites.php');

INSERT INTO `sys_grid_fields` (`object`, `name`, `title`, `width`, `params`, `order`) VALUES
('bx_organizations_invites', 'name', '_sys_name', '33%', '', 10),
('bx_organizations_invites', 'added', '_sys_added', '33%', '', 20),
('bx_organizations_invites', 'actions', '', '34%', '', 30);

INSERT INTO `sys_grid_actions` (`object`, `type`, `name`, `title`, `icon`, `confirm`, `order`) VALUES
('bx_organizations_invites', 'single', 'delete', '', 'remove', 1, 10);

-- GRIDS: administration
INSERT INTO `sys_objects_grid` (`object`, `source_type`, `source`, `table`, `field_id`, `field_order`, `field_active`, `paginate_url`, `paginate_per_page`, `paginate_simple`, `paginate_get_start`, `paginate_get_per_page`, `filter_fields`, `filter_fields_translatable`, `filter_mode`, `sorting_fields`, `sorting_fields_translatable`, `visible_for_levels`, `override_class_name`, `override_class_file`) VALUES
('bx_organizations_administration', 'Sql', 'SELECT `td`.*, `td`.`org_name` AS `fullname`, `ta`.`email` AS `account`, `ta`.`logged` AS `last_online`, `tp`.`status` AS `status`, `tp`.`id` as `profile_id` FROM `bx_organizations_data` AS `td` LEFT JOIN `sys_profiles` AS `tp` ON `td`.`id`=`tp`.`content_id` AND `tp`.`type`=''bx_organizations'' LEFT JOIN `sys_accounts` AS `ta` ON `tp`.`account_id`=`ta`.`id` WHERE 1 ', 'bx_organizations_data', 'id', 'last_online', 'status', '', 20, NULL, 'start', '', 'org_name,email', '', 'like', 'reports', '', 192, 'BxOrgsGridAdministration', 'modules/boonex/organizations/classes/BxOrgsGridAdministration.php'),
('bx_organizations_common', 'Sql', 'SELECT `td`.*, `td`.`org_name` AS `fullname`, `ta`.`email` AS `account`, `ta`.`logged` AS `last_online`, `tp`.`status` AS `status` FROM `bx_organizations_data` AS `td` LEFT JOIN `sys_profiles` AS `tp` ON `td`.`id`=`tp`.`content_id` AND `tp`.`type`=''bx_organizations'' LEFT JOIN `sys_accounts` AS `ta` ON `tp`.`account_id`=`ta`.`id` WHERE 1 ', 'bx_organizations_data', 'id', 'last_online', 'status', '', 20, NULL, 'start', '', 'org_name', '', 'like', '', '', 2147483647, 'BxOrgsGridCommon', 'modules/boonex/organizations/classes/BxOrgsGridCommon.php');

INSERT INTO `sys_grid_fields` (`object`, `name`, `title`, `width`, `translatable`, `chars_limit`, `params`, `order`) VALUES
('bx_organizations_administration', 'checkbox', '_sys_select', '2%', 0, '', '', 1),
('bx_organizations_administration', 'switcher', '_bx_orgs_grid_column_title_adm_active', '8%', 0, '', '', 2),
('bx_organizations_administration', 'reports', '_sys_txt_reports_title', '5%', 0, '', '', 3),
('bx_organizations_administration', 'fullname', '_bx_orgs_grid_column_title_adm_fullname', '25%', 0, '', '', 4),
('bx_organizations_administration', 'last_online', '_bx_orgs_grid_column_title_adm_last_online', '20%', 1, '25', '', 5),
('bx_organizations_administration', 'account', '_bx_orgs_grid_column_title_adm_account', '20%', 0, '25', '', 6),
('bx_organizations_administration', 'actions', '', '20%', 0, '', '', 7),

('bx_organizations_common', 'checkbox', '_sys_select', '2%', 0, '', '', 1),
('bx_organizations_common', 'fullname', '_bx_orgs_grid_column_title_adm_fullname', '48%', 0, '', '', 2),
('bx_organizations_common', 'last_online', '_bx_orgs_grid_column_title_adm_last_online', '30%', 1, '25', '', 3),
('bx_organizations_common', 'actions', '', '20%', 0, '', '', 4);

INSERT INTO `sys_grid_actions` (`object`, `type`, `name`, `title`, `icon`, `icon_only`, `confirm`, `order`) VALUES
('bx_organizations_administration', 'bulk', 'set_acl_level', '_bx_orgs_grid_action_title_adm_set_acl_level', '', 0, 0, 1),
('bx_organizations_administration', 'bulk', 'clear_reports', '_bx_orgs_grid_action_title_adm_clear_reports', '', 0, 1, 2),
('bx_organizations_administration', 'bulk', 'delete_with_content', '_bx_orgs_grid_action_title_adm_delete_with_content', '', 0, 1, 3),
('bx_organizations_administration', 'single', 'set_acl_level', '_bx_orgs_grid_action_title_adm_set_acl_level', 'certificate', 1, 0, 1),
('bx_organizations_administration', 'single', 'settings', '_bx_orgs_grid_action_title_adm_more_actions', 'cog', 1, 0, 2),
('bx_organizations_administration', 'single', 'audit_content', '_bx_orgs_grid_action_title_adm_audit_content', 'search', 1, 0, 3),
('bx_organizations_administration', 'single', 'audit_profile', '_bx_orgs_grid_action_title_adm_audit_profile', 'search-location', 1, 0, 4),

('bx_organizations_common', 'bulk', 'delete_with_content', '_bx_orgs_grid_action_title_adm_delete_with_content', '', 0, 1, 1),
('bx_organizations_common', 'single', 'settings', '_bx_orgs_grid_action_title_adm_more_actions', 'cog', 1, 0, 1);

-- GRIDS: Pricing
INSERT INTO `sys_objects_grid` (`object`, `source_type`, `source`, `table`, `field_id`, `field_order`, `field_active`, `paginate_url`, `paginate_per_page`, `paginate_simple`, `paginate_get_start`, `paginate_get_per_page`, `filter_fields`, `filter_fields_translatable`, `filter_mode`, `sorting_fields`, `sorting_fields_translatable`, `visible_for_levels`, `override_class_name`, `override_class_file`) VALUES
('bx_organizations_prices_manage', 'Sql', 'SELECT * FROM `bx_organizations_prices` WHERE 1 ', 'bx_organizations_prices', 'id', 'order', '', '', 100, NULL, 'start', '', 'period,period_unit,price', '', 'like', '', '', 2147483647, 'BxOrgsGridPricesManage', 'modules/boonex/organizations/classes/BxOrgsGridPricesManage.php'),
('bx_organizations_prices_view', 'Sql', 'SELECT * FROM `bx_organizations_prices` WHERE 1 ', 'bx_organizations_prices', 'id', 'order', '', '', 100, NULL, 'start', '', 'period,period_unit,price', '', 'like', '', '', 2147483647, 'BxOrgsGridPricesView', 'modules/boonex/organizations/classes/BxOrgsGridPricesView.php');

INSERT INTO `sys_grid_fields` (`object`, `name`, `title`, `width`, `translatable`, `chars_limit`, `params`, `order`) VALUES
('bx_organizations_prices_manage', 'checkbox', '_sys_select', '1%', 0, '', '', 1),
('bx_organizations_prices_manage', 'order', '', '1%', 0, '', '', 2),
('bx_organizations_prices_manage', 'name', '_bx_orgs_grid_column_title_name', '38%', 0, 32, '', 3),
('bx_organizations_prices_manage', 'price', '_bx_orgs_grid_column_title_price', '20%', 0, 16, '', 4),
('bx_organizations_prices_manage', 'period', '_bx_orgs_grid_column_title_period', '20%', 0, 16, '', 5),
('bx_organizations_prices_manage', 'actions', '', '20%', 0, '', '', 6),

('bx_organizations_prices_view', 'role_id', '_bx_orgs_grid_column_title_role_id', '40%', 0, 32, '', 1),
('bx_organizations_prices_view', 'price', '_bx_orgs_grid_column_title_price', '20%', 0, 16, '', 2),
('bx_organizations_prices_view', 'period', '_bx_orgs_grid_column_title_period', '20%', 0, 16, '', 3),
('bx_organizations_prices_view', 'actions', '', '20%', 0, '', '', 4);

INSERT INTO `sys_grid_actions` (`object`, `type`, `name`, `title`, `icon`, `icon_only`, `confirm`, `order`) VALUES
('bx_organizations_prices_manage', 'independent', 'add', '_bx_orgs_grid_action_title_add', '', 0, 0, 1),
('bx_organizations_prices_manage', 'single', 'edit', '_bx_orgs_grid_action_title_edit', 'pencil-alt', 1, 0, 1),
('bx_organizations_prices_manage', 'single', 'delete', '_bx_orgs_grid_action_title_delete', 'remove', 1, 1, 2),
('bx_organizations_prices_manage', 'bulk', 'delete', '_bx_orgs_grid_action_title_delete', '', 0, 1, 1),

('bx_organizations_prices_view', 'single', 'buy', '_bx_orgs_grid_action_title_buy', 'cart-plus', 0, 0, 1),
('bx_organizations_prices_view', 'single', 'subscribe', '_bx_orgs_grid_action_title_subscribe', 'credit-card', 0, 0, 2),
('bx_organizations_prices_view', 'single', 'choose', '_bx_orgs_grid_action_title_choose', 'far check-square', 0, 0, 3);


-- LIVE UPDATES
INSERT INTO `sys_objects_live_updates`(`name`, `frequency`, `service_call`, `active`) VALUES
('bx_organizations_friend_requests', 1, 'a:4:{s:6:"module";s:6:"system";s:6:"method";s:40:"get_live_updates_unconfirmed_connections";s:6:"params";a:5:{i:0;s:16:"bx_organizations";i:1;s:20:"sys_profiles_friends";i:2;a:2:{s:11:"menu_object";s:18:"sys_toolbar_member";s:9:"menu_item";s:7:"account";}i:3;a:2:{s:11:"menu_object";s:25:"sys_account_notifications";s:9:"menu_item";s:29:"notifications-friend-requests";}i:4;s:7:"{count}";}s:5:"class";s:23:"TemplServiceConnections";}', 1);


-- ALERTS
INSERT INTO `sys_alerts_handlers` (`name`, `class`, `file`, `service_call`) VALUES 
('bx_organizations', 'BxOrgsAlertsResponse', 'modules/boonex/organizations/classes/BxOrgsAlertsResponse.php', '');
SET @iHandler := LAST_INSERT_ID();

INSERT INTO `sys_alerts` (`unit`, `action`, `handler_id`) VALUES
('system', 'save_setting', @iHandler),
('account', 'check_switch_context', @iHandler),
('sys_profiles_friends', 'connection_added', @iHandler),
('bx_timeline', 'post_common', @iHandler),
('bx_organizations_pics', 'file_deleted', @iHandler),
('bx_organizations_fans', 'connection_added', @iHandler),
('bx_organizations_fans', 'connection_removed', @iHandler),
('bx_organizations', 'fan_added', @iHandler),
('bx_organizations', 'join_invitation', @iHandler),
('bx_organizations', 'join_request', @iHandler),
('bx_organizations', 'join_request_accepted', @iHandler),
('bx_organizations', 'timeline_view', @iHandler),
('bx_organizations', 'timeline_post', @iHandler),
('bx_organizations', 'timeline_delete', @iHandler),
('bx_organizations', 'timeline_comment', @iHandler),
('bx_organizations', 'timeline_vote', @iHandler),
('bx_organizations', 'timeline_score', @iHandler),
('bx_organizations', 'timeline_report', @iHandler),
('bx_organizations', 'timeline_repost', @iHandler),
('bx_organizations', 'timeline_pin', @iHandler),
('bx_organizations', 'timeline_promote', @iHandler);


-- PRIVACY 
INSERT INTO `sys_objects_privacy` (`object`, `module`, `action`, `title`, `default_group`, `spaces`, `table`, `table_field_id`, `table_field_author`, `override_class_name`, `override_class_file`) VALUES
('bx_organizations_allow_view_to', 'bx_organizations', 'view', '_bx_orgs_form_profile_input_allow_view_to', '3', '', 'bx_organizations_data', 'id', 'author', 'BxOrgsPrivacy', 'modules/boonex/organizations/classes/BxOrgsPrivacy.php'),
('bx_organizations_allow_view_notification_to', 'bx_organizations', 'view_event', '_bx_orgs_form_profile_input_allow_view_notification_to', '3', '', 'bx_notifications_events', 'id', 'object_owner_id', 'BxOrgsPrivacyNotifications', 'modules/boonex/organizations/classes/BxOrgsPrivacyNotifications.php'),
('bx_organizations_allow_post_to', 'bx_organizations', 'post', '_bx_orgs_form_profile_input_allow_post_to', '5', '', 'bx_organizations_data', 'id', 'author', 'BxOrgsPrivacyPost', 'modules/boonex/organizations/classes/BxOrgsPrivacyPost.php'),
('bx_organizations_allow_contact_to', 'bx_organizations', 'contact', '_bx_orgs_form_profile_input_allow_contact_to', '3', '', 'bx_organizations_data', 'id', 'author', 'BxOrgsPrivacyContact', 'modules/boonex/organizations/classes/BxOrgsPrivacyContact.php'),
('bx_organizations_allow_view_favorite_list', 'bx_organizations', 'view_favorite_list', '_bx_orgs_form_entry_input_allow_view_favorite_list', '3', '', 'bx_organizations_favorites_lists', 'id', 'author_id', 'BxOrgsPrivacy', 'modules/boonex/organizations/classes/BxOrgsPrivacy.php');


-- EMAIL TEMPLATES
INSERT INTO `sys_email_templates` (`Module`, `NameSystem`, `Name`, `Subject`, `Body`) VALUES
('bx_organizations', '_bx_orgs_email_friend_request', 'bx_organizations_friend_request', '_bx_orgs_email_friend_request_subject', '_bx_orgs_email_friend_request_body'),
('bx_organizations', '_bx_orgs_email_join_request', 'bx_organizations_join_request', '_bx_orgs_email_join_request_subject', '_bx_orgs_email_join_request_body'),
('bx_organizations', '_bx_orgs_email_join_reject', 'bx_organizations_join_reject', '_bx_orgs_email_join_reject_subject', '_bx_orgs_email_join_reject_body'),
('bx_organizations', '_bx_orgs_email_join_confirm', 'bx_organizations_join_confirm', '_bx_orgs_email_join_confirm_subject', '_bx_orgs_email_join_confirm_body'),
('bx_organizations', '_bx_orgs_email_fan_remove', 'bx_organizations_fan_remove', '_bx_orgs_email_fan_remove_subject', '_bx_orgs_email_fan_remove_body'),
('bx_organizations', '_bx_orgs_email_fan_become_admin', 'bx_organizations_fan_become_admin', '_bx_orgs_email_fan_become_admin_subject', '_bx_orgs_email_fan_become_admin_body'),
('bx_organizations', '_bx_orgs_email_admin_become_fan', 'bx_organizations_admin_become_fan', '_bx_orgs_email_admin_become_fan_subject', '_bx_orgs_email_admin_become_fan_body'),
('bx_organizations', '_bx_orgs_email_set_role', 'bx_organizations_set_role', '_bx_orgs_email_set_role_subject', '_bx_orgs_email_set_role_body'),
('bx_organizations', '_bx_orgs_email_invitation', 'bx_organizations_invitation', '_bx_orgs_email_invitation_subject', '_bx_orgs_email_invitation_body');


-- UPLOADERS
INSERT INTO `sys_objects_uploader` (`object`, `active`, `override_class_name`, `override_class_file`) VALUES
('bx_organizations_cover_crop', 1, 'BxOrgsUploaderCoverCrop', 'modules/boonex/organizations/classes/BxOrgsUploaderCoverCrop.php'),
('bx_organizations_picture_crop', 1, 'BxOrgsUploaderPictureCrop', 'modules/boonex/organizations/classes/BxOrgsUploaderPictureCrop.php');


-- CRON
INSERT INTO `sys_cron_jobs` (`name`, `time`, `class`, `file`, `service_call`) VALUES
('bx_organizations_pruning', '0 0 * * *', 'BxOrgsCronPruning', 'modules/boonex/organizations/classes/BxOrgsCronPruning.php', '');
