
-- SETTINGS
SET @iTypeOrder = (SELECT MAX(`order`) FROM `sys_options_types` WHERE `group` = 'modules');
INSERT INTO `sys_options_types`(`group`, `name`, `caption`, `icon`, `order`) VALUES 
('modules', 'bx_polls', '_bx_polls', 'bx_polls@modules/boonex/polls/|std-icon.svg', IF(ISNULL(@iTypeOrder), 1, @iTypeOrder + 1));
SET @iTypeId = LAST_INSERT_ID();

INSERT INTO `sys_options_categories` (`type_id`, `name`, `caption`, `order`)
VALUES (@iTypeId, 'bx_polls', '_bx_polls', 1);
SET @iCategId = LAST_INSERT_ID();

INSERT INTO `sys_options` (`name`, `value`, `category_id`, `caption`, `type`, `check`, `check_error`, `extra`, `order`) VALUES
('bx_polls_enable_auto_approve', 'on', @iCategId, '_bx_polls_option_enable_auto_approve', 'checkbox', '', '', '', 0),
('bx_polls_title_chars', '200', @iCategId, '_bx_polls_option_title_chars', 'digit', '', '', '', 1),
('bx_polls_per_page_browse', '12', @iCategId, '_bx_polls_option_per_page_browse', 'digit', '', '', '', 10),
('bx_polls_per_page_browse_showcase', '32', @iCategId, '_sys_option_per_page_browse_showcase', 'digit', '', '', '', 15),
('bx_polls_per_page_for_favorites_lists', '5', @iCategId, '_bx_polls_option_per_page_for_favorites_lists', 'digit', '', '', '', 17),
('bx_polls_rss_num', '10', @iCategId, '_bx_polls_option_rss_num', 'digit', '', '', '', 20),
('bx_polls_searchable_fields', 'text', @iCategId, '_bx_polls_option_searchable_fields', 'list', '', '', 'a:2:{s:6:"module";s:8:"bx_polls";s:6:"method";s:21:"get_searchable_fields";}', 30);


-- PAGE: create entry
INSERT INTO `sys_objects_page`(`object`, `title_system`, `title`, `module`, `layout_id`, `visible_for_levels`, `visible_for_levels_editable`, `uri`, `url`, `meta_description`, `meta_keywords`, `meta_robots`, `cache_lifetime`, `cache_editable`, `deletable`, `override_class_name`, `override_class_file`) VALUES 
('bx_polls_create_entry', '_bx_polls_page_title_sys_create_entry', '_bx_polls_page_title_create_entry', 'bx_polls', 5, 2147483647, 1, 'create-poll', 'page.php?i=create-poll', '', '', '', 0, 1, 0, 'BxPollsPageBrowse', 'modules/boonex/polls/classes/BxPollsPageBrowse.php');

INSERT INTO `sys_pages_blocks` (`object`, `cell_id`, `module`, `title`, `designbox_id`, `visible_for_levels`, `type`, `content`, `deletable`, `copyable`, `order`) VALUES
('bx_polls_create_entry', 1, 'bx_polls', '_bx_polls_page_block_title_create_entry', 11, 2147483647, 'service', 'a:2:{s:6:"module";s:8:"bx_polls";s:6:"method";s:13:"entity_create";}', 0, 1, 1);


-- PAGE: edit entry
INSERT INTO `sys_objects_page`(`object`, `title_system`, `title`, `module`, `layout_id`, `visible_for_levels`, `visible_for_levels_editable`, `uri`, `url`, `meta_description`, `meta_keywords`, `meta_robots`, `cache_lifetime`, `cache_editable`, `deletable`, `override_class_name`, `override_class_file`) VALUES 
('bx_polls_edit_entry', '_bx_polls_page_title_sys_edit_entry', '_bx_polls_page_title_edit_entry', 'bx_polls', 5, 2147483647, 1, 'edit-poll', '', '', '', '', 0, 1, 0, 'BxPollsPageEntry', 'modules/boonex/polls/classes/BxPollsPageEntry.php');

INSERT INTO `sys_pages_blocks` (`object`, `cell_id`, `module`, `title`, `designbox_id`, `visible_for_levels`, `type`, `content`, `deletable`, `copyable`, `order`) VALUES
('bx_polls_edit_entry', 1, 'bx_polls', '_bx_polls_page_block_title_edit_entry', 11, 2147483647, 'service', 'a:2:{s:6:"module";s:8:"bx_polls";s:6:"method";s:11:"entity_edit";}', 0, 0, 0);


-- PAGE: delete entry
INSERT INTO `sys_objects_page`(`object`, `title_system`, `title`, `module`, `layout_id`, `visible_for_levels`, `visible_for_levels_editable`, `uri`, `url`, `meta_description`, `meta_keywords`, `meta_robots`, `cache_lifetime`, `cache_editable`, `deletable`, `override_class_name`, `override_class_file`) VALUES 
('bx_polls_delete_entry', '_bx_polls_page_title_sys_delete_entry', '_bx_polls_page_title_delete_entry', 'bx_polls', 5, 2147483647, 1, 'delete-poll', '', '', '', '', 0, 1, 0, 'BxPollsPageEntry', 'modules/boonex/polls/classes/BxPollsPageEntry.php');

INSERT INTO `sys_pages_blocks` (`object`, `cell_id`, `module`, `title`, `designbox_id`, `visible_for_levels`, `type`, `content`, `deletable`, `copyable`, `order`) VALUES
('bx_polls_delete_entry', 1, 'bx_polls', '_bx_polls_page_block_title_delete_entry', 11, 2147483647, 'service', 'a:2:{s:6:"module";s:8:"bx_polls";s:6:"method";s:13:"entity_delete";}', 0, 0, 0);


-- PAGE: view entry
INSERT INTO `sys_objects_page`(`object`, `title_system`, `title`, `module`, `layout_id`, `visible_for_levels`, `visible_for_levels_editable`, `uri`, `url`, `meta_description`, `meta_keywords`, `meta_robots`, `cache_lifetime`, `cache_editable`, `deletable`, `override_class_name`, `override_class_file`) VALUES 
('bx_polls_view_entry', '_bx_polls_page_title_sys_view_entry', '_bx_polls_page_title_view_entry', 'bx_polls', 12, 2147483647, 1, 'view-poll', '', '', '', '', 0, 1, 0, 'BxPollsPageEntry', 'modules/boonex/polls/classes/BxPollsPageEntry.php');

INSERT INTO `sys_pages_blocks`(`object`, `cell_id`, `module`, `title_system`, `title`, `designbox_id`, `visible_for_levels`, `type`, `content`, `deletable`, `copyable`, `active`, `order`) VALUES 
('bx_polls_view_entry', 2, 'bx_polls', '', '_bx_polls_page_block_title_entry_text', 13, 2147483647, 'service', 'a:2:{s:6:\"module\";s:8:\"bx_polls\";s:6:\"method\";s:17:\"entity_text_block\";}', 0, 0, 0, 0),
('bx_polls_view_entry', 2, 'bx_polls', '', '_bx_polls_page_block_title_entry_text_and_subentries', 3, 2147483647, 'service', 'a:2:{s:6:\"module\";s:8:\"bx_polls\";s:6:\"method\";s:29:\"get_block_text_and_subentries\";}', 0, 0, 1, 2),
('bx_polls_view_entry', 1, 'bx_polls', '', '_bx_polls_page_block_title_entry_subentries', 11, 2147483647, 'service', 'a:2:{s:6:\"module\";s:8:\"bx_polls\";s:6:\"method\";s:20:\"get_block_subentries\";}', 0, 0, 0, 0),
('bx_polls_view_entry', 2, 'bx_polls', '', '_bx_polls_page_block_title_entry_author', 13, 2147483647, 'service', 'a:2:{s:6:\"module\";s:8:\"bx_polls\";s:6:\"method\";s:13:\"entity_author\";}', 0, 0, 1, 1),
('bx_polls_view_entry', 3, 'bx_polls', '_bx_polls_page_block_title_sys_entry_context', '_bx_polls_page_block_title_entry_context', 13, 2147483647, 'service', 'a:2:{s:6:\"module\";s:8:\"bx_polls\";s:6:\"method\";s:14:\"entity_context\";}', 0, 0, 1, 1),
('bx_polls_view_entry', 3, 'bx_polls', '', '_bx_polls_page_block_title_entry_info', 11, 2147483647, 'service', 'a:2:{s:6:\"module\";s:8:\"bx_polls\";s:6:\"method\";s:11:\"entity_info\";}', 0, 0, 1, 2),
('bx_polls_view_entry', 3, 'bx_polls', '', '_bx_polls_page_block_title_entry_location', 13, 2147483647, 'service', 'a:2:{s:6:\"module\";s:8:\"bx_polls\";s:6:\"method\";s:15:\"entity_location\";}', 0, 0, 0, 0),
('bx_polls_view_entry', 2, 'bx_polls', '', '_bx_polls_page_block_title_entry_all_actions', 13, 2147483647, 'service', 'a:2:{s:6:\"module\";s:8:\"bx_polls\";s:6:\"method\";s:18:\"entity_all_actions\";}', 0, 0, 1, 3),
('bx_polls_view_entry', 4, 'bx_polls', '', '_bx_polls_page_block_title_entry_actions', 13, 2147483647, 'service', 'a:2:{s:6:\"module\";s:8:\"bx_polls\";s:6:\"method\";s:14:\"entity_actions\";}', 0, 0, 0, 0),
('bx_polls_view_entry', 4, 'bx_polls', '', '_bx_polls_page_block_title_entry_social_sharing', 11, 2147483647, 'service', 'a:2:{s:6:\"module\";s:8:\"bx_polls\";s:6:\"method\";s:21:\"entity_social_sharing\";}', 0, 0, 0, 0),
('bx_polls_view_entry', 4, 'bx_polls', '', '_bx_polls_page_block_title_entry_attachments', 11, 2147483647, 'service', 'a:2:{s:6:\"module\";s:8:\"bx_polls\";s:6:\"method\";s:18:\"entity_attachments\";}', 0, 0, 0, 0),
('bx_polls_view_entry', 2, 'bx_polls', '', '_bx_polls_page_block_title_entry_comments', 11, 2147483647, 'service', 'a:2:{s:6:\"module\";s:8:\"bx_polls\";s:6:\"method\";s:15:\"entity_comments\";}', 0, 0, 1, 4),
('bx_polls_view_entry', 3, 'bx_polls', '', '_bx_polls_page_block_title_entry_location', 3, 2147483647, 'service', 'a:4:{s:6:\"module\";s:6:\"system\";s:6:\"method\";s:13:\"locations_map\";s:6:\"params\";a:2:{i:0;s:8:\"bx_polls\";i:1;s:4:\"{id}\";}s:5:\"class\";s:20:\"TemplServiceMetatags\";}', 0, 0, 1, 3),
('bx_polls_view_entry', 3, 'bx_polls', '', '_bx_polls_page_block_title_featured_entries', 11, 2147483647, 'service', 'a:3:{s:6:"module";s:8:"bx_polls";s:6:"method";s:15:"browse_featured";s:6:"params";a:1:{i:0;s:8:"extended";}}', 0, 0, 1, 4),
('bx_polls_view_entry', 2, 'bx_polls', '', '_bx_polls_page_block_title_entry_reports', 11, 2147483647, 'service', 'a:2:{s:6:\"module\";s:8:\"bx_polls\";s:6:\"method\";s:14:\"entity_reports\";}', 0, 0, 1, 6);



-- PAGE: view entry comments
INSERT INTO `sys_objects_page`(`object`, `title_system`, `title`, `module`, `layout_id`, `visible_for_levels`, `visible_for_levels_editable`, `uri`, `url`, `meta_description`, `meta_keywords`, `meta_robots`, `cache_lifetime`, `cache_editable`, `deletable`, `override_class_name`, `override_class_file`) VALUES 
('bx_polls_view_entry_comments', '_bx_polls_page_title_sys_view_entry_comments', '_bx_polls_page_title_view_entry_comments', 'bx_polls', 5, 2147483647, 1, 'view-poll-comments', '', '', '', '', 0, 1, 0, 'BxPollsPageEntry', 'modules/boonex/polls/classes/BxPollsPageEntry.php');

INSERT INTO `sys_pages_blocks`(`object`, `cell_id`, `module`, `title_system`, `title`, `designbox_id`, `visible_for_levels`, `type`, `content`, `deletable`, `copyable`, `order`) VALUES 
('bx_polls_view_entry_comments', 1, 'bx_polls', '_bx_polls_page_block_title_entry_comments', '_bx_polls_page_block_title_entry_comments_link', 11, 2147483647, 'service', 'a:2:{s:6:\"module\";s:8:\"bx_polls\";s:6:\"method\";s:15:\"entity_comments\";}', 0, 0, 1);


-- PAGE: popular entries
INSERT INTO `sys_objects_page`(`object`, `title_system`, `title`, `module`, `layout_id`, `visible_for_levels`, `visible_for_levels_editable`, `uri`, `url`, `meta_description`, `meta_keywords`, `meta_robots`, `cache_lifetime`, `cache_editable`, `deletable`, `override_class_name`, `override_class_file`) VALUES 
('bx_polls_popular', '_bx_polls_page_title_sys_entries_popular', '_bx_polls_page_title_entries_popular', 'bx_polls', 5, 2147483647, 1, 'polls-popular', 'page.php?i=polls-popular', '', '', '', 0, 1, 0, 'BxPollsPageBrowse', 'modules/boonex/polls/classes/BxPollsPageBrowse.php');

INSERT INTO `sys_pages_blocks`(`object`, `cell_id`, `module`, `title`, `designbox_id`, `visible_for_levels`, `type`, `content`, `deletable`, `copyable`, `order`) VALUES 
('bx_polls_popular', 1, 'bx_polls', '_bx_polls_page_block_title_popular_entries', 11, 2147483647, 'service', 'a:3:{s:6:"module";s:8:"bx_polls";s:6:"method";s:14:"browse_popular";s:6:"params";a:3:{s:9:"unit_view";s:8:"extended";s:13:"empty_message";b:1;s:13:"ajax_paginate";b:0;}}', 0, 1, 1);


-- PAGE: top entries
INSERT INTO `sys_objects_page`(`object`, `title_system`, `title`, `module`, `layout_id`, `visible_for_levels`, `visible_for_levels_editable`, `uri`, `url`, `meta_description`, `meta_keywords`, `meta_robots`, `cache_lifetime`, `cache_editable`, `deletable`, `override_class_name`, `override_class_file`) VALUES 
('bx_polls_top', '_bx_polls_page_title_sys_entries_top', '_bx_polls_page_title_entries_top', 'bx_polls', 5, 2147483647, 1, 'polls-top', 'page.php?i=polls-top', '', '', '', 0, 1, 0, 'BxPollsPageBrowse', 'modules/boonex/polls/classes/BxPollsPageBrowse.php');

INSERT INTO `sys_pages_blocks`(`object`, `cell_id`, `module`, `title`, `designbox_id`, `visible_for_levels`, `type`, `content`, `deletable`, `copyable`, `order`) VALUES 
('bx_polls_top', 1, 'bx_polls', '_bx_polls_page_block_title_top_entries', 11, 2147483647, 'service', 'a:3:{s:6:"module";s:8:"bx_polls";s:6:"method";s:10:"browse_top";s:6:"params";a:3:{s:9:"unit_view";s:8:"extended";s:13:"empty_message";b:1;s:13:"ajax_paginate";b:0;}}', 0, 1, 1);


-- PAGE: recently updated entries
INSERT INTO `sys_objects_page`(`object`, `title_system`, `title`, `module`, `layout_id`, `visible_for_levels`, `visible_for_levels_editable`, `uri`, `url`, `meta_description`, `meta_keywords`, `meta_robots`, `cache_lifetime`, `cache_editable`, `deletable`, `override_class_name`, `override_class_file`) VALUES 
('bx_polls_updated', '_bx_polls_page_title_sys_entries_updated', '_bx_polls_page_title_entries_updated', 'bx_polls', 5, 2147483647, 1, 'polls-updated', 'page.php?i=polls-updated', '', '', '', 0, 1, 0, 'BxPollsPageBrowse', 'modules/boonex/polls/classes/BxPollsPageBrowse.php');

INSERT INTO `sys_pages_blocks`(`object`, `cell_id`, `module`, `title`, `designbox_id`, `visible_for_levels`, `type`, `content`, `deletable`, `copyable`, `order`) VALUES 
('bx_polls_updated', 1, 'bx_polls', '_bx_polls_page_block_title_updated_entries', 11, 2147483647, 'service', 'a:3:{s:6:"module";s:8:"bx_polls";s:6:"method";s:14:"browse_updated";s:6:"params";a:3:{s:9:"unit_view";s:8:"extended";s:13:"empty_message";b:1;s:13:"ajax_paginate";b:0;}}', 0, 1, 1);


-- PAGE: entries of author
INSERT INTO `sys_objects_page`(`object`, `uri`, `title_system`, `title`, `module`, `layout_id`, `visible_for_levels`, `visible_for_levels_editable`, `url`, `meta_description`, `meta_keywords`, `meta_robots`, `cache_lifetime`, `cache_editable`, `deletable`, `override_class_name`, `override_class_file`) VALUES 
('bx_polls_author', 'polls-author', '_bx_polls_page_title_sys_entries_of_author', '_bx_polls_page_title_entries_of_author', 'bx_polls', 5, 2147483647, 1, '', '', '', '', 0, 1, 0, 'BxPollsPageAuthor', 'modules/boonex/polls/classes/BxPollsPageAuthor.php');

INSERT INTO `sys_pages_blocks`(`object`, `cell_id`, `module`, `title_system`, `title`, `designbox_id`, `visible_for_levels`, `type`, `content`, `deletable`, `copyable`, `active`, `order`) VALUES 
('bx_polls_author', 1, 'bx_polls', '', '_bx_polls_page_block_title_entries_actions', 13, 2147483647, 'service', 'a:2:{s:6:\"module\";s:8:\"bx_polls\";s:6:\"method\";s:18:\"my_entries_actions\";}', 0, 0, 1, 1),
('bx_polls_author', 1, 'bx_polls', '_bx_polls_page_block_title_sys_favorites_of_author', '_bx_polls_page_block_title_favorites_of_author', 11, 2147483647, 'service', 'a:3:{s:6:"module";s:8:"bx_polls";s:6:"method";s:21:"browse_favorite_lists";s:6:"params";a:2:{s:10:"profile_id";s:12:"{profile_id}";s:6:"params";a:3:{s:9:"unit_view";s:8:"showcase";s:13:"empty_message";b:0;s:13:"ajax_paginate";b:0;}}}', 0, 1, 1, 2),
('bx_polls_author', 1, 'bx_polls', '_bx_polls_page_block_title_sys_entries_of_author', '_bx_polls_page_block_title_entries_of_author', 11, 2147483647, 'service', 'a:2:{s:6:\"module\";s:8:\"bx_polls\";s:6:\"method\";s:13:\"browse_author\";}', 0, 0, 1, 3),
('bx_polls_author', 1, 'bx_polls', '_bx_polls_page_block_title_sys_entries_in_context', '_bx_polls_page_block_title_entries_in_context', 11, 2147483647, 'service', 'a:3:{s:6:"module";s:8:"bx_polls";s:6:"method";s:14:"browse_context";s:6:"params";a:2:{s:10:"profile_id";s:12:"{profile_id}";i:0;a:1:{s:13:"empty_message";b:0;}}}', 0, 0, 1, 4);


-- PAGE: favorites by list
INSERT INTO `sys_objects_page`(`object`, `title_system`, `title`, `module`, `layout_id`, `visible_for_levels`, `visible_for_levels_editable`, `uri`, `url`, `meta_description`, `meta_keywords`, `meta_robots`, `cache_lifetime`, `cache_editable`, `deletable`, `override_class_name`, `override_class_file`) VALUES 
('bx_polls_favorites', '_bx_polls_page_title_sys_entries_favorites', '_bx_polls_page_title_entries_favorites', 'bx_polls', 12, 2147483647, 1, 'polls-favorites', 'page.php?i=polls-favorites', '', '', '', 0, 1, 0, 'BxPollsPageListEntry', 'modules/boonex/polls/classes/BxPollsPageListEntry.php');

INSERT INTO `sys_pages_blocks`(`object`, `cell_id`, `module`, `title_system`, `title`, `designbox_id`, `visible_for_levels`, `type`, `content`, `deletable`, `copyable`, `order`) VALUES 
('bx_polls_favorites', 2, 'bx_polls', '_bx_polls_page_block_title_sys_favorites_entries', '_bx_polls_page_block_title_favorites_entries', 11, 2147483647, 'service', 'a:3:{s:6:"module";s:8:"bx_polls";s:6:"method";s:15:"browse_favorite";s:6:"params";a:2:{s:10:"profile_id";s:12:"{profile_id}";s:6:"params";a:3:{s:9:"unit_view";s:7:"gallery";s:13:"empty_message";b:0;s:13:"ajax_paginate";b:0;}}}', 0, 1, 1),
('bx_polls_favorites', 3, 'bx_polls', '', '_bx_polls_page_block_title_favorites_entries_info', 11, 2147483647, 'service', 'a:2:{s:6:"module";s:8:"bx_polls";s:6:"method";s:19:"favorites_list_info";}', 0, 0, 0),
('bx_polls_favorites', 3, 'bx_polls', '', '_bx_polls_page_block_title_favorites_entries_actions', 13, 2147483647, 'service', 'a:2:{s:6:"module";s:8:"bx_polls";s:6:"method";s:22:"favorites_list_actions";}', 0, 0, 1);


-- PAGE: entries in context
INSERT INTO `sys_objects_page`(`object`, `uri`, `title_system`, `title`, `module`, `layout_id`, `visible_for_levels`, `visible_for_levels_editable`, `url`, `meta_description`, `meta_keywords`, `meta_robots`, `cache_lifetime`, `cache_editable`, `deletable`, `override_class_name`, `override_class_file`) VALUES 
('bx_polls_context', 'polls-context', '_bx_polls_page_title_sys_entries_in_context', '_bx_polls_page_title_entries_in_context', 'bx_polls', 5, 2147483647, 1, '', '', '', '', 0, 1, 0, 'BxPollsPageAuthor', 'modules/boonex/polls/classes/BxPollsPageAuthor.php');

INSERT INTO `sys_pages_blocks`(`object`, `cell_id`, `module`, `title_system`, `title`, `designbox_id`, `visible_for_levels`, `type`, `content`, `deletable`, `copyable`, `active`, `order`) VALUES 
('bx_polls_context', 1, 'bx_polls', '_bx_polls_page_block_title_sys_entries_in_context', '_bx_polls_page_block_title_entries_in_context', 11, 2147483647, 'service', 'a:2:{s:6:\"module\";s:8:\"bx_polls\";s:6:\"method\";s:14:\"browse_context\";}', 0, 0, 1, 1);


-- PAGE: module home
INSERT INTO `sys_objects_page`(`object`, `uri`, `title_system`, `title`, `module`, `layout_id`, `visible_for_levels`, `visible_for_levels_editable`, `url`, `meta_description`, `meta_keywords`, `meta_robots`, `cache_lifetime`, `cache_editable`, `deletable`, `override_class_name`, `override_class_file`) VALUES 
('bx_polls_home', 'polls-home', '_bx_polls_page_title_sys_home', '_bx_polls_page_title_home', 'bx_polls', 2, 2147483647, 1, 'page.php?i=polls-home', '', '', '', 0, 1, 0, 'BxPollsPageBrowse', 'modules/boonex/polls/classes/BxPollsPageBrowse.php');

INSERT INTO `sys_pages_blocks`(`object`, `cell_id`, `module`, `title_system`, `title`, `designbox_id`, `visible_for_levels`, `type`, `content`, `deletable`, `copyable`, `active`, `order`) VALUES
('bx_polls_home', 1, 'bx_polls', '', '_bx_polls_page_block_title_featured_entries', 11, 2147483647, 'service', 'a:3:{s:6:"module";s:8:"bx_polls";s:6:"method";s:15:"browse_featured";s:6:"params";a:1:{i:0;s:8:"extended";}}', 0, 1, 1, 0),
('bx_polls_home', 1, 'bx_polls', '', '_bx_polls_page_block_title_recent_entries', 11, 2147483647, 'service', 'a:3:{s:6:"module";s:8:"bx_polls";s:6:"method";s:13:"browse_public";s:6:"params";a:1:{i:0;s:8:"extended";}}', 0, 1, 1, 1),
('bx_polls_home', 2, 'bx_polls', '', '_bx_polls_page_block_title_popular_keywords', 11, 2147483647, 'service', 'a:4:{s:6:\"module\";s:6:\"system\";s:6:\"method\";s:14:\"keywords_cloud\";s:6:\"params\";a:2:{i:0;s:8:\"bx_polls\";i:1;s:8:\"bx_polls\";}s:5:\"class\";s:20:\"TemplServiceMetatags\";}', 0, 1, 1, 0),
('bx_polls_home', 2, 'bx_polls', '', '_bx_polls_page_block_title_cats', 11, 2147483647, 'service', 'a:4:{s:6:\"module\";s:6:\"system\";s:6:\"method\";s:15:\"categories_list\";s:6:\"params\";a:2:{i:0;s:13:\"bx_polls_cats\";i:1;a:1:{s:10:\"show_empty\";b:1;}}s:5:\"class\";s:20:\"TemplServiceCategory\";}', 0, 1, 1, 1);

-- PAGE: search for entries
INSERT INTO `sys_objects_page`(`object`, `title_system`, `title`, `module`, `layout_id`, `visible_for_levels`, `visible_for_levels_editable`, `uri`, `url`, `meta_description`, `meta_keywords`, `meta_robots`, `cache_lifetime`, `cache_editable`, `deletable`, `override_class_name`, `override_class_file`) VALUES 
('bx_polls_search', '_bx_polls_page_title_sys_entries_search', '_bx_polls_page_title_entries_search', 'bx_polls', 5, 2147483647, 1, 'polls-search', 'page.php?i=polls-search', '', '', '', 0, 1, 0, 'BxPollsPageBrowse', 'modules/boonex/polls/classes/BxPollsPageBrowse.php');

INSERT INTO `sys_pages_blocks`(`object`, `cell_id`, `module`, `title`, `designbox_id`, `visible_for_levels`, `type`, `content`, `deletable`, `copyable`, `active`, `order`) VALUES 
('bx_polls_search', 1, 'bx_polls', '_bx_polls_page_block_title_search_form', 11, 2147483647, 'service', 'a:4:{s:6:"module";s:6:"system";s:6:"method";s:8:"get_form";s:6:"params";a:1:{i:0;a:1:{s:6:"object";s:8:"bx_polls";}}s:5:"class";s:27:"TemplSearchExtendedServices";}', 0, 1, 1, 1),
('bx_polls_search', 1, 'bx_polls', '_bx_polls_page_block_title_search_results', 11, 2147483647, 'service', 'a:3:{s:6:"module";s:8:"bx_polls";s:6:"method";s:27:"get_results_search_extended";s:6:"params";a:1:{i:0;a:2:{s:6:"object";s:8:"bx_polls";s:10:"show_empty";b:1;}}}', 0, 1, 1, 2),
('bx_polls_search', 1, 'bx_polls', '_bx_polls_page_block_title_search_form_cmts', 11, 2147483647, 'service', 'a:4:{s:6:"module";s:6:"system";s:6:"method";s:8:"get_form";s:6:"params";a:1:{i:0;a:1:{s:6:"object";s:13:"bx_polls_cmts";}}s:5:"class";s:27:"TemplSearchExtendedServices";}', 0, 1, 0, 3),
('bx_polls_search', 1, 'bx_polls', '_bx_polls_page_block_title_search_results_cmts', 11, 2147483647, 'service', 'a:4:{s:6:"module";s:6:"system";s:6:"method";s:11:"get_results";s:6:"params";a:1:{i:0;a:2:{s:6:"object";s:13:"bx_polls_cmts";s:10:"show_empty";b:1;}}s:5:"class";s:27:"TemplSearchExtendedServices";}', 0, 1, 0, 4);

-- PAGE: module manage own
INSERT INTO `sys_objects_page`(`object`, `title_system`, `title`, `module`, `layout_id`, `visible_for_levels`, `visible_for_levels_editable`, `uri`, `url`, `meta_description`, `meta_keywords`, `meta_robots`, `cache_lifetime`, `cache_editable`, `deletable`, `override_class_name`, `override_class_file`) VALUES 
('bx_polls_manage', '_bx_polls_page_title_sys_manage', '_bx_polls_page_title_manage', 'bx_polls', 5, 2147483647, 1, 'polls-manage', 'page.php?i=polls-manage', '', '', '', 0, 1, 0, 'BxPollsPageBrowse', 'modules/boonex/polls/classes/BxPollsPageBrowse.php');

INSERT INTO `sys_pages_blocks`(`object`, `cell_id`, `module`, `title_system`, `title`, `designbox_id`, `visible_for_levels`, `type`, `content`, `deletable`, `copyable`, `order`) VALUES 
('bx_polls_manage', 1, 'bx_polls', '_bx_polls_page_block_title_system_manage', '_bx_polls_page_block_title_manage', 11, 2147483647, 'service', 'a:2:{s:6:\"module\";s:8:\"bx_polls\";s:6:\"method\";s:12:\"manage_tools\";}}', 0, 1, 0);


-- PAGE: module manage all
INSERT INTO `sys_objects_page`(`object`, `title_system`, `title`, `module`, `layout_id`, `visible_for_levels`, `visible_for_levels_editable`, `uri`, `url`, `meta_description`, `meta_keywords`, `meta_robots`, `cache_lifetime`, `cache_editable`, `deletable`, `override_class_name`, `override_class_file`) VALUES 
('bx_polls_administration', '_bx_polls_page_title_sys_manage_administration', '_bx_polls_page_title_manage', 'bx_polls', 5, 192, 1, 'polls-administration', 'page.php?i=polls-administration', '', '', '', 0, 1, 0, 'BxPollsPageBrowse', 'modules/boonex/polls/classes/BxPollsPageBrowse.php');

INSERT INTO `sys_pages_blocks`(`object`, `cell_id`, `module`, `title_system`, `title`, `designbox_id`, `visible_for_levels`, `type`, `content`, `deletable`, `copyable`, `order`) VALUES 
('bx_polls_administration', 1, 'bx_polls', '_bx_polls_page_block_title_system_manage_administration', '_bx_polls_page_block_title_manage', 11, 192, 'service', 'a:3:{s:6:\"module\";s:8:\"bx_polls\";s:6:\"method\";s:12:\"manage_tools\";s:6:\"params\";a:1:{i:0;s:14:\"administration\";}}', 0, 1, 0);


-- PAGE: add block to homepage
SET @iBlockOrder = (SELECT `order` FROM `sys_pages_blocks` WHERE `object` = 'sys_home' AND `cell_id` = 1 ORDER BY `order` DESC LIMIT 1);
INSERT INTO `sys_pages_blocks`(`object`, `cell_id`, `module`, `title`, `designbox_id`, `visible_for_levels`, `type`, `content`, `deletable`, `copyable`, `active`, `order`) VALUES 
('sys_home', 1, 'bx_polls', '_bx_polls_page_block_title_recent_entries', 11, 2147483647, 'service', 'a:3:{s:6:"module";s:8:"bx_polls";s:6:"method";s:13:"browse_public";s:6:"params";a:2:{i:0;b:0;i:1;b:0;}}', 1, 0, 0, IFNULL(@iBlockOrder, 0) + 1);


-- PAGES: add page block to profiles modules (trigger* page objects are processed separately upon modules enable/disable)
SET @iPBCellProfile = 3;
INSERT INTO `sys_pages_blocks` (`object`, `cell_id`, `module`, `title_system`, `title`, `designbox_id`, `visible_for_levels`, `type`, `content`, `deletable`, `copyable`, `order`) VALUES
('trigger_page_profile_view_entry', @iPBCellProfile, 'bx_polls', '_bx_polls_page_block_title_sys_my_entries', '_bx_polls_page_block_title_my_entries', 11, 2147483647, 'service', 'a:3:{s:6:"module";s:8:"bx_polls";s:6:"method";s:13:"browse_author";s:6:"params";a:2:{i:0;s:12:"{profile_id}";i:1;a:1:{s:13:"empty_message";b:0;}}}}', 0, 0, 0);


-- PAGE: service blocks
SET @iBlockOrder = (SELECT `order` FROM `sys_pages_blocks` WHERE `object` = '' AND `cell_id` = 0 ORDER BY `order` DESC LIMIT 1);
INSERT INTO `sys_pages_blocks`(`object`, `cell_id`, `module`, `title_system`, `title`, `designbox_id`, `visible_for_levels`, `type`, `content`, `deletable`, `copyable`, `order`) VALUES 
('', 0, 'bx_polls', '', '_bx_polls_page_block_title_recent_entries_view_full', 11, 2147483647, 'service', 'a:3:{s:6:"module";s:8:"bx_polls";s:6:"method";s:13:"browse_public";s:6:"params";a:1:{i:0;s:4:"full";}}', 0, 1, IFNULL(@iBlockOrder, 0) + 1),
('', 0, 'bx_polls', '', '_bx_polls_page_block_title_popular_entries_view_full', 11, 2147483647, 'service', 'a:3:{s:6:"module";s:8:"bx_polls";s:6:"method";s:14:"browse_popular";s:6:"params";a:1:{i:0;s:4:"full";}}', 0, 1, IFNULL(@iBlockOrder, 0) + 2),
('', 0, 'bx_polls', '_bx_polls_page_block_title_sys_recent_entries_view_showcase', '_bx_polls_page_block_title_recent_entries_view_showcase', 11, 2147483647, 'service', 'a:3:{s:6:\"module\";s:8:\"bx_polls\";s:6:\"method\";s:13:\"browse_public\";s:6:\"params\";a:3:{s:9:\"unit_view\";s:8:\"showcase\";s:13:\"empty_message\";b:0;s:13:\"ajax_paginate\";b:0;}}', 0, 1, IFNULL(@iBlockOrder, 0) + 3),
('', 0, 'bx_polls', '_bx_polls_page_block_title_sys_popular_entries_view_showcase', '_bx_polls_page_block_title_popular_entries_view_showcase', 11, 2147483647, 'service', 'a:3:{s:6:\"module\";s:8:\"bx_polls\";s:6:\"method\";s:14:\"browse_popular\";s:6:\"params\";a:3:{s:9:\"unit_view\";s:8:\"showcase\";s:13:\"empty_message\";b:0;s:13:\"ajax_paginate\";b:0;}}', 0, 1, IFNULL(@iBlockOrder, 0) + 4),
('', 0, 'bx_polls', '_bx_polls_page_block_title_sys_featured_entries_view_showcase', '_bx_polls_page_block_title_featured_entries_view_showcase', 11, 2147483647, 'service', 'a:3:{s:6:\"module\";s:8:\"bx_polls\";s:6:\"method\";s:15:\"browse_featured\";s:6:\"params\";a:3:{s:9:\"unit_view\";s:8:\"showcase\";s:13:\"empty_message\";b:0;s:13:\"ajax_paginate\";b:0;}}', 0, 1, IFNULL(@iBlockOrder, 0) + 5);


-- MENU: add to site menu
SET @iSiteMenuOrder = (SELECT `order` FROM `sys_menu_items` WHERE `set_name` = 'sys_site' AND `active` = 1 AND `order` < 9999 ORDER BY `order` DESC LIMIT 1);
INSERT INTO `sys_menu_items` (`set_name`, `module`, `name`, `title_system`, `title`, `link`, `onclick`, `target`, `icon`, `submenu_object`, `visible_for_levels`, `active`, `copyable`, `order`) VALUES 
('sys_site', 'bx_polls', 'polls-home', '_bx_polls_menu_item_title_system_entries_home', '_bx_polls_menu_item_title_entries_home', 'page.php?i=polls-home', '', '', 'tasks col-green1', 'bx_polls_submenu', 2147483647, 1, 1, IFNULL(@iSiteMenuOrder, 0) + 1);

-- MENU: add to homepage menu
SET @iHomepageMenuOrder = (SELECT `order` FROM `sys_menu_items` WHERE `set_name` = 'sys_homepage' AND `active` = 1 ORDER BY `order` DESC LIMIT 1);
INSERT INTO `sys_menu_items` (`set_name`, `module`, `name`, `title_system`, `title`, `link`, `onclick`, `target`, `icon`, `submenu_object`, `visible_for_levels`, `active`, `copyable`, `order`) VALUES 
('sys_homepage', 'bx_polls', 'polls-home', '_bx_polls_menu_item_title_system_entries_home', '_bx_polls_menu_item_title_entries_home', 'page.php?i=polls-home', '', '', 'tasks col-green1', 'bx_polls_submenu', 2147483647, 1, 1, IFNULL(@iHomepageMenuOrder, 0) + 1);

-- MENU: add to "add content" menu
SET @iAddMenuOrder = (SELECT `order` FROM `sys_menu_items` WHERE `set_name` = 'sys_add_content_links' AND `active` = 1 ORDER BY `order` DESC LIMIT 1);
INSERT INTO `sys_menu_items` (`set_name`, `module`, `name`, `title_system`, `title`, `link`, `onclick`, `target`, `icon`, `submenu_object`, `visible_for_levels`, `active`, `copyable`, `order`) VALUES 
('sys_add_content_links', 'bx_polls', 'create-poll', '_bx_polls_menu_item_title_system_create_entry', '_bx_polls_menu_item_title_create_entry', 'page.php?i=create-poll', '', '', 'tasks col-green1', '', 2147483647, 1, 1, IFNULL(@iAddMenuOrder, 0) + 1);

-- MENU: actions menu for view entry 
INSERT INTO `sys_objects_menu`(`object`, `title`, `set_name`, `module`, `template_id`, `deletable`, `active`, `override_class_name`, `override_class_file`) VALUES 
('bx_polls_view', '_bx_polls_menu_title_view_entry', 'bx_polls_view', 'bx_polls', 9, 0, 1, 'BxPollsMenuView', 'modules/boonex/polls/classes/BxPollsMenuView.php');

INSERT INTO `sys_menu_sets`(`set_name`, `module`, `title`, `deletable`) VALUES 
('bx_polls_view', 'bx_polls', '_bx_polls_menu_set_title_view_entry', 0);

INSERT INTO `sys_menu_items`(`set_name`, `module`, `name`, `title_system`, `title`, `link`, `onclick`, `target`, `icon`, `submenu_object`, `visible_for_levels`, `active`, `copyable`, `order`) VALUES 
('bx_polls_view', 'bx_polls', 'edit-poll', '_bx_polls_menu_item_title_system_edit_entry', '_bx_polls_menu_item_title_edit_entry', 'page.php?i=edit-poll&id={content_id}', '', '', 'pencil-alt', '', 2147483647, 1, 0, 1),
('bx_polls_view', 'bx_polls', 'delete-poll', '_bx_polls_menu_item_title_system_delete_entry', '_bx_polls_menu_item_title_delete_entry', 'page.php?i=delete-poll&id={content_id}', '', '', 'remove', '', 2147483647, 1, 0, 2),
('bx_polls_view', 'bx_polls', 'approve', '_sys_menu_item_title_system_va_approve', '_sys_menu_item_title_va_approve', 'javascript:void(0)', 'javascript:bx_approve(this, ''{module_uri}'', {content_id});', '', 'check', '', 2147483647, 1, 0, 3);

-- MENU: all actions menu for view entry 
INSERT INTO `sys_objects_menu`(`object`, `title`, `set_name`, `module`, `template_id`, `deletable`, `active`, `override_class_name`, `override_class_file`) VALUES 
('bx_polls_view_actions', '_sys_menu_title_view_actions', 'bx_polls_view_actions', 'bx_polls', 15, 0, 1, 'BxPollsMenuViewActions', 'modules/boonex/polls/classes/BxPollsMenuViewActions.php');

INSERT INTO `sys_menu_sets`(`set_name`, `module`, `title`, `deletable`) VALUES 
('bx_polls_view_actions', 'bx_polls', '_sys_menu_set_title_view_actions', 0);

INSERT INTO `sys_menu_items`(`set_name`, `module`, `name`, `title_system`, `title`, `link`, `onclick`, `target`, `icon`, `addon`, `submenu_object`, `submenu_popup`, `visible_for_levels`, `active`, `copyable`, `order`) VALUES 
('bx_polls_view_actions', 'bx_polls', 'edit-poll', '_bx_polls_menu_item_title_system_edit_entry', '', '', '', '', '', '', '', 0, 2147483647, 1, 0, 10),
('bx_polls_view_actions', 'bx_polls', 'delete-poll', '_bx_polls_menu_item_title_system_delete_entry', '', '', '', '', '', '', '', 0, 2147483647, 1, 0, 20),
('bx_polls_view_actions', 'bx_polls', 'approve', '_sys_menu_item_title_system_va_approve', '', '', '', '', '', '', '', 0, 2147483647, 1, 0, 30),
('bx_polls_view_actions', 'bx_polls', 'comment', '_sys_menu_item_title_system_va_comment', '', '', '', '', '', '', '', 0, 2147483647, 0, 0, 200),
('bx_polls_view_actions', 'bx_polls', 'view', '_sys_menu_item_title_system_va_view', '', '', '', '', '', '', '', 0, 2147483647, 1, 0, 210),
('bx_polls_view_actions', 'bx_polls', 'vote', '_sys_menu_item_title_system_va_vote', '', '', '', '', '', '', '', 0, 2147483647, 0, 0, 220),
('bx_polls_view_actions', 'bx_polls', 'reaction', '_sys_menu_item_title_system_va_reaction', '', '', '', '', '', '', '', 0, 2147483647, 1, 0, 225),
('bx_polls_view_actions', 'bx_polls', 'score', '_sys_menu_item_title_system_va_score', '', '', '', '', '', '', '', 0, 2147483647, 1, 0, 230),
('bx_polls_view_actions', 'bx_polls', 'favorite', '_sys_menu_item_title_system_va_favorite', '', '', '', '', '', '', '', 0, 2147483647, 1, 0, 240),
('bx_polls_view_actions', 'bx_polls', 'feature', '_sys_menu_item_title_system_va_feature', '', '', '', '', '', '', '', 0, 2147483647, 1, 0, 250),
('bx_polls_view_actions', 'bx_polls', 'repost', '_sys_menu_item_title_system_va_repost', '', '', '', '', '', '', '', 0, 2147483647, 1, 0, 260),
('bx_polls_view_actions', 'bx_polls', 'report', '_sys_menu_item_title_system_va_report', '', '', '', '', '', '', '', 0, 2147483647, 1, 0, 270),
('bx_polls_view_actions', 'bx_polls', 'notes', '_sys_menu_item_title_system_va_notes', '_sys_menu_item_title_va_notes', 'javascript:void(0)', 'javascript:bx_get_notes(this,  ''{module_uri}'', {content_id});', '', 'exclamation-triangle', '', '', 0, 2147483647, 1, 0, 280),
('bx_polls_view_actions', 'bx_polls', 'audit', '_sys_menu_item_title_system_va_audit', '_sys_menu_item_title_va_audit', 'page.php?i=dashboard-audit&module=bx_polls&content_id={content_id}', '', '', 'history', '', '', 0, 192, 1, 0, 290),
('bx_polls_view_actions', 'bx_polls', 'social-sharing', '_sys_menu_item_title_system_social_sharing', '_sys_menu_item_title_social_sharing', 'javascript:void(0)', 'oBxDolPage.share(this, \'{url_encoded}\')', '', 'share', '', '', 0, 2147483647, '', 1, 0, 300),
('bx_polls_view_actions', 'bx_polls', 'more-auto', '_sys_menu_item_title_system_va_more_auto', '_sys_menu_item_title_va_more_auto', 'javascript:void(0)', '', '', 'ellipsis-v', '', '', 0, 2147483647, 1, 0, 9999);

-- MENU: actions menu for my entries
INSERT INTO `sys_objects_menu`(`object`, `title`, `set_name`, `module`, `template_id`, `deletable`, `active`, `override_class_name`, `override_class_file`) VALUES 
('bx_polls_my', '_bx_polls_menu_title_entries_my', 'bx_polls_my', 'bx_polls', 9, 0, 1, 'BxPollsMenu', 'modules/boonex/polls/classes/BxPollsMenu.php');

INSERT INTO `sys_menu_sets`(`set_name`, `module`, `title`, `deletable`) VALUES 
('bx_polls_my', 'bx_polls', '_bx_polls_menu_set_title_entries_my', 0);

INSERT INTO `sys_menu_items`(`set_name`, `module`, `name`, `title_system`, `title`, `link`, `onclick`, `target`, `icon`, `submenu_object`, `visible_for_levels`, `active`, `copyable`, `order`) VALUES 
('bx_polls_my', 'bx_polls', 'create-poll', '_bx_polls_menu_item_title_system_create_entry', '_bx_polls_menu_item_title_create_entry', 'page.php?i=create-poll', '', '', 'plus', '', 2147483647, 1, 0, 0);

-- MENU: module sub-menu
INSERT INTO `sys_objects_menu`(`object`, `title`, `set_name`, `module`, `template_id`, `deletable`, `active`, `override_class_name`, `override_class_file`) VALUES 
('bx_polls_submenu', '_bx_polls_menu_title_submenu', 'bx_polls_submenu', 'bx_polls', 8, 0, 1, '', '');

INSERT INTO `sys_menu_sets`(`set_name`, `module`, `title`, `deletable`) VALUES 
('bx_polls_submenu', 'bx_polls', '_bx_polls_menu_set_title_submenu', 0);

INSERT INTO `sys_menu_items`(`set_name`, `module`, `name`, `title_system`, `title`, `link`, `onclick`, `target`, `icon`, `submenu_object`, `visible_for_levels`, `active`, `copyable`, `order`) VALUES 
('bx_polls_submenu', 'bx_polls', 'polls-home', '_bx_polls_menu_item_title_system_entries_public', '_bx_polls_menu_item_title_entries_public', 'page.php?i=polls-home', '', '', '', '', 2147483647, 1, 1, 1),
('bx_polls_submenu', 'bx_polls', 'polls-popular', '_bx_polls_menu_item_title_system_entries_popular', '_bx_polls_menu_item_title_entries_popular', 'page.php?i=polls-popular', '', '', '', '', 2147483647, 1, 1, 2),
('bx_polls_submenu', 'bx_polls', 'polls-top', '_bx_polls_menu_item_title_system_entries_top', '_bx_polls_menu_item_title_entries_top', 'page.php?i=polls-top', '', '', '', '', 2147483647, 1, 1, 3),
('bx_polls_submenu', 'bx_polls', 'polls-search', '_bx_polls_menu_item_title_system_entries_search', '_bx_polls_menu_item_title_entries_search', 'page.php?i=polls-search', '', '', '', '', 2147483647, 1, 1, 4),
('bx_polls_submenu', 'bx_polls', 'polls-manage', '_bx_polls_menu_item_title_system_entries_manage', '_bx_polls_menu_item_title_entries_manage', 'page.php?i=polls-manage', '', '', '', '', 2147483646, 1, 1, 5);

-- MENU: sub-menu for view entry
INSERT INTO `sys_objects_menu`(`object`, `title`, `set_name`, `module`, `template_id`, `deletable`, `active`, `override_class_name`, `override_class_file`) VALUES 
('bx_polls_view_submenu', '_bx_polls_menu_title_view_entry_submenu', 'bx_polls_view_submenu', 'bx_polls', 8, 0, 1, 'BxPollsMenuView', 'modules/boonex/polls/classes/BxPollsMenuView.php');

INSERT INTO `sys_menu_sets`(`set_name`, `module`, `title`, `deletable`) VALUES 
('bx_polls_view_submenu', 'bx_polls', '_bx_polls_menu_set_title_view_entry_submenu', 0);

INSERT INTO `sys_menu_items`(`set_name`, `module`, `name`, `title_system`, `title`, `link`, `onclick`, `target`, `icon`, `submenu_object`, `visible_for_levels`, `active`, `copyable`, `order`) VALUES 
('bx_polls_view_submenu', 'bx_polls', 'view-poll', '_bx_polls_menu_item_title_system_view_entry', '_bx_polls_menu_item_title_view_entry_submenu_entry', 'page.php?i=view-poll&id={content_id}', '', '', '', '', 2147483647, 0, 0, 1),
('bx_polls_view_submenu', 'bx_polls', 'view-poll-comments', '_bx_polls_menu_item_title_system_view_entry_comments', '_bx_polls_menu_item_title_view_entry_submenu_comments', 'page.php?i=view-poll-comments&id={content_id}', '', '', '', '', 2147483647, 0, 0, 2);

-- MENU: custom menu for snippet meta info
INSERT INTO `sys_objects_menu`(`object`, `title`, `set_name`, `module`, `template_id`, `deletable`, `active`, `override_class_name`, `override_class_file`) VALUES 
('bx_polls_snippet_meta', '_sys_menu_title_snippet_meta', 'bx_polls_snippet_meta', 'bx_polls', 15, 0, 1, 'BxPollsMenuSnippetMeta', 'modules/boonex/polls/classes/BxPollsMenuSnippetMeta.php');

INSERT INTO `sys_menu_sets`(`set_name`, `module`, `title`, `deletable`) VALUES 
('bx_polls_snippet_meta', 'bx_polls', '_sys_menu_set_title_snippet_meta', 0);

INSERT INTO `sys_menu_items`(`set_name`, `module`, `name`, `title_system`, `title`, `link`, `onclick`, `target`, `icon`, `submenu_object`, `visible_for_levels`, `active`, `copyable`, `editable`, `order`) VALUES 
('bx_polls_snippet_meta', 'bx_polls', 'date', '_sys_menu_item_title_system_sm_date', '_sys_menu_item_title_sm_date', '', '', '', '', '', 2147483647, 1, 0, 1, 1),
('bx_polls_snippet_meta', 'bx_polls', 'comments', '_sys_menu_item_title_system_sm_comments', '_sys_menu_item_title_sm_comments', '', '', '', '', '', 2147483647, 1, 0, 1, 2),
('bx_polls_snippet_meta', 'bx_polls', 'author', '_sys_menu_item_title_system_sm_author', '_sys_menu_item_title_sm_author', '', '', '', '', '', 2147483647, 1, 0, 1, 3),
('bx_polls_snippet_meta', 'bx_polls', 'category', '_sys_menu_item_title_system_sm_category', '_sys_menu_item_title_sm_category', '', '', '', '', '', 2147483647, 0, 0, 1, 4),
('bx_polls_snippet_meta', 'bx_polls', 'tags', '_sys_menu_item_title_system_sm_tags', '_sys_menu_item_title_sm_tags', '', '', '', '', '', 2147483647, 0, 0, 1, 5),
('bx_polls_snippet_meta', 'bx_polls', 'views', '_sys_menu_item_title_system_sm_views', '_sys_menu_item_title_sm_views', '', '', '', '', '', 2147483647, 0, 0, 1, 6),
('bx_polls_snippet_meta', 'bx_polls', 'actions', '_sys_menu_item_title_system_sm_actions', '_sys_menu_item_title_sm_actions', '', '', '', '', '', 2147483647, 1, 0, 1, 7);

-- MENU: profile stats
SET @iNotifMenuOrder = (SELECT IFNULL(MAX(`order`), 0) FROM `sys_menu_items` WHERE `set_name` = 'sys_profile_stats' AND `active` = 1 LIMIT 1);
INSERT INTO `sys_menu_items` (`set_name`, `module`, `name`, `title_system`, `title`, `link`, `onclick`, `target`, `icon`, `addon`, `submenu_object`, `visible_for_levels`, `active`, `copyable`, `order`) VALUES
('sys_profile_stats', 'bx_polls', 'profile-stats-manage-polls', '_bx_polls_menu_item_title_system_manage_my_polls', '_bx_polls_menu_item_title_manage_my_polls', 'page.php?i=polls-manage', '', '_self', 'tasks col-green1', 'a:2:{s:6:"module";s:8:"bx_polls";s:6:"method";s:41:"get_menu_addon_manage_tools_profile_stats";}', '', 2147483646, 1, 0, @iNotifMenuOrder + 1);

-- MENU: manage tools submenu
INSERT INTO `sys_objects_menu`(`object`, `title`, `set_name`, `module`, `template_id`, `deletable`, `active`, `override_class_name`, `override_class_file`) VALUES 
('bx_polls_menu_manage_tools', '_bx_polls_menu_title_manage_tools', 'bx_polls_menu_manage_tools', 'bx_polls', 6, 0, 1, 'BxPollsMenuManageTools', 'modules/boonex/polls/classes/BxPollsMenuManageTools.php');

INSERT INTO `sys_menu_sets`(`set_name`, `module`, `title`, `deletable`) VALUES 
('bx_polls_menu_manage_tools', 'bx_polls', '_bx_polls_menu_set_title_manage_tools', 0);

--INSERT INTO `sys_menu_items`(`set_name`, `module`, `name`, `title_system`, `title`, `link`, `onclick`, `target`, `icon`, `submenu_object`, `visible_for_levels`, `active`, `copyable`, `order`) VALUES 
--('bx_polls_menu_manage_tools', 'bx_polls', 'delete-with-content', '_bx_polls_menu_item_title_system_delete_with_content', '_bx_polls_menu_item_title_delete_with_content', 'javascript:void(0)', 'javascript:{js_object}.onClickDeleteWithContent({content_id});', '_self', 'far trash-alt', '', 128, 1, 0, 0);

-- MENU: dashboard manage tools
SET @iManageMenuOrder = (SELECT IFNULL(MAX(`order`), 0) FROM `sys_menu_items` WHERE `set_name`='sys_account_dashboard_manage_tools' LIMIT 1);
INSERT INTO `sys_menu_items`(`set_name`, `module`, `name`, `title_system`, `title`, `link`, `onclick`, `target`, `icon`, `addon`, `submenu_object`, `visible_for_levels`, `active`, `copyable`, `order`) VALUES 
('sys_account_dashboard_manage_tools', 'bx_polls', 'polls-administration', '_bx_polls_menu_item_title_system_admt_polls', '_bx_polls_menu_item_title_admt_polls', 'page.php?i=polls-administration', '', '_self', 'tasks', 'a:2:{s:6:"module";s:8:"bx_polls";s:6:"method";s:27:"get_menu_addon_manage_tools";}', '', 192, 1, 0, @iManageMenuOrder + 1);

-- MENU: add menu item to profiles modules (trigger* menu sets are processed separately upon modules enable/disable)

INSERT INTO `sys_menu_items`(`set_name`, `module`, `name`, `title_system`, `title`, `link`, `onclick`, `target`, `icon`, `submenu_object`, `visible_for_levels`, `active`, `copyable`, `order`) VALUES 
('trigger_profile_view_submenu', 'bx_polls', 'polls-author', '_bx_polls_menu_item_title_system_view_entries_author', '_bx_polls_menu_item_title_view_entries_author', 'page.php?i=polls-author&profile_id={profile_id}', '', '', 'tasks col-green1', '', 2147483647, 1, 0, 0),
('trigger_group_view_submenu', 'bx_polls', 'polls-context', '_bx_polls_menu_item_title_system_view_entries_in_context', '_bx_polls_menu_item_title_view_entries_in_context', 'page.php?i=polls-context&profile_id={profile_id}', '', '', 'tasks col-green1', '', 2147483647, 1, 0, 0);

-- PRIVACY 

INSERT INTO `sys_objects_privacy` (`object`, `module`, `action`, `title`, `default_group`, `table`, `table_field_id`, `table_field_author`, `override_class_name`, `override_class_file`) VALUES
('bx_polls_allow_view_to', 'bx_polls', 'view', '_bx_polls_form_entry_input_allow_view_to', '3', 'bx_polls_entries', 'id', 'author', '', ''),
('bx_polls_allow_view_favorite_list', 'bx_polls', 'view_favorite_list', '_bx_polls_form_entry_input_allow_view_favorite_list', '3', 'bx_polls_favorites_lists', 'id', 'author_id', '', '');


-- ACL

INSERT INTO `sys_acl_actions` (`Module`, `Name`, `AdditionalParamName`, `Title`, `Desc`, `Countable`, `DisabledForLevels`) VALUES
('bx_polls', 'create entry', NULL, '_bx_polls_acl_action_create_entry', '', 1, 3);
SET @iIdActionEntryCreate = LAST_INSERT_ID();

INSERT INTO `sys_acl_actions` (`Module`, `Name`, `AdditionalParamName`, `Title`, `Desc`, `Countable`, `DisabledForLevels`) VALUES
('bx_polls', 'delete entry', NULL, '_bx_polls_acl_action_delete_entry', '', 1, 3);
SET @iIdActionEntryDelete = LAST_INSERT_ID();

INSERT INTO `sys_acl_actions` (`Module`, `Name`, `AdditionalParamName`, `Title`, `Desc`, `Countable`, `DisabledForLevels`) VALUES
('bx_polls', 'view entry', NULL, '_bx_polls_acl_action_view_entry', '', 1, 0);
SET @iIdActionEntryView = LAST_INSERT_ID();

INSERT INTO `sys_acl_actions` (`Module`, `Name`, `AdditionalParamName`, `Title`, `Desc`, `Countable`, `DisabledForLevels`) VALUES
('bx_polls', 'vote entry', NULL, '_bx_polls_acl_action_vote_entry', '', 1, 0);
SET @iIdActionEntryVote = LAST_INSERT_ID();

INSERT INTO `sys_acl_actions` (`Module`, `Name`, `AdditionalParamName`, `Title`, `Desc`, `Countable`, `DisabledForLevels`) VALUES
('bx_polls', 'set thumb', NULL, '_bx_polls_acl_action_set_thumb', '', 1, 3);
SET @iIdActionSetThumb = LAST_INSERT_ID();

INSERT INTO `sys_acl_actions` (`Module`, `Name`, `AdditionalParamName`, `Title`, `Desc`, `Countable`, `DisabledForLevels`) VALUES
('bx_polls', 'edit any entry', NULL, '_bx_polls_acl_action_edit_any_entry', '', 1, 3);
SET @iIdActionEntryEditAny = LAST_INSERT_ID();

INSERT INTO `sys_acl_actions` (`Module`, `Name`, `AdditionalParamName`, `Title`, `Desc`, `Countable`, `DisabledForLevels`) VALUES
('bx_polls', 'delete any entry', NULL, '_bx_polls_acl_action_delete_any_entry', '', 1, 3);
SET @iIdActionEntryDeleteAny = LAST_INSERT_ID();

SET @iUnauthenticated = 1;
SET @iAccount = 2;
SET @iStandard = 3;
SET @iUnconfirmed = 4;
SET @iPending = 5;
SET @iSuspended = 6;
SET @iModerator = 7;
SET @iAdministrator = 8;
SET @iPremium = 9;

INSERT INTO `sys_acl_matrix` (`IDLevel`, `IDAction`) VALUES

-- entry create
(@iStandard, @iIdActionEntryCreate),
(@iModerator, @iIdActionEntryCreate),
(@iAdministrator, @iIdActionEntryCreate),
(@iPremium, @iIdActionEntryCreate),

-- entry delete
(@iStandard, @iIdActionEntryDelete),
(@iModerator, @iIdActionEntryDelete),
(@iAdministrator, @iIdActionEntryDelete),
(@iPremium, @iIdActionEntryDelete),

-- entry view
(@iUnauthenticated, @iIdActionEntryView),
(@iAccount, @iIdActionEntryView),
(@iStandard, @iIdActionEntryView),
(@iUnconfirmed, @iIdActionEntryView),
(@iPending, @iIdActionEntryView),
(@iModerator, @iIdActionEntryView),
(@iAdministrator, @iIdActionEntryView),
(@iPremium, @iIdActionEntryView),

-- entry vote
(@iStandard, @iIdActionEntryVote),
(@iModerator, @iIdActionEntryVote),
(@iAdministrator, @iIdActionEntryVote),
(@iPremium, @iIdActionEntryVote),

-- set entry thumb
(@iStandard, @iIdActionSetThumb),
(@iModerator, @iIdActionSetThumb),
(@iAdministrator, @iIdActionSetThumb),
(@iPremium, @iIdActionSetThumb),

-- edit any entry
(@iModerator, @iIdActionEntryEditAny),
(@iAdministrator, @iIdActionEntryEditAny),

-- delete any entry
(@iAdministrator, @iIdActionEntryDeleteAny);


-- SEARCH
SET @iSearchOrder = (SELECT IFNULL(MAX(`Order`), 0) FROM `sys_objects_search`);
INSERT INTO `sys_objects_search` (`ObjectName`, `Title`, `Order`, `ClassName`, `ClassPath`) VALUES
('bx_polls', '_bx_polls', @iSearchOrder + 1, 'BxPollsSearchResult', 'modules/boonex/polls/classes/BxPollsSearchResult.php'),
('bx_polls_cmts', '_bx_polls_cmts', @iSearchOrder + 2, 'BxPollsCmtsSearchResult', 'modules/boonex/polls/classes/BxPollsCmtsSearchResult.php');

-- METATAGS
INSERT INTO `sys_objects_metatags` (`object`, `table_keywords`, `table_locations`, `table_mentions`, `override_class_name`, `override_class_file`) VALUES
('bx_polls', 'bx_polls_meta_keywords', 'bx_polls_meta_locations', 'bx_polls_meta_mentions', '', '');

-- CATEGORY
INSERT INTO `sys_objects_category` (`object`, `search_object`, `form_object`, `list_name`, `table`, `field`, `join`, `where`, `override_class_name`, `override_class_file`) VALUES
('bx_polls_cats', 'bx_polls', 'bx_polls', 'bx_polls_cats', 'bx_polls_entries', 'cat', 'INNER JOIN `sys_profiles` ON (`sys_profiles`.`id` = `bx_polls_entries`.`author`)', 'AND `sys_profiles`.`status` = ''active''', '', '');

-- STATS
SET @iMaxOrderStats = (SELECT IFNULL(MAX(`order`), 0) FROM `sys_statistics`);
INSERT INTO `sys_statistics` (`module`, `name`, `title`, `link`, `icon`, `query`, `order`) VALUES 
('bx_polls', 'bx_polls', '_bx_polls', 'page.php?i=polls-home', 'tasks col-green1', 'SELECT COUNT(*) FROM `bx_polls_entries` WHERE 1 AND `status` = ''active'' AND `status_admin` = ''active''', @iMaxOrderStats + 1);

-- CHARTS
SET @iMaxOrderCharts = (SELECT IFNULL(MAX(`order`), 0) FROM `sys_objects_chart`);
INSERT INTO `sys_objects_chart` (`object`, `title`, `table`, `field_date_ts`, `field_date_dt`, `field_status`, `query`, `active`, `order`, `class_name`, `class_file`) VALUES
('bx_polls_growth', '_bx_polls_chart_growth', 'bx_polls_entries', 'added', '', 'status,status_admin', '', 1, @iMaxOrderCharts + 1, 'BxDolChartGrowth', ''),
('bx_polls_growth_speed', '_bx_polls_chart_growth_speed', 'bx_polls_entries', 'added', '', 'status,status_admin', '', 1, @iMaxOrderCharts + 2, 'BxDolChartGrowthSpeed', '');

-- GRIDS: moderation tools
INSERT INTO `sys_objects_grid` (`object`, `source_type`, `source`, `table`, `field_id`, `field_order`, `field_active`, `paginate_url`, `paginate_per_page`, `paginate_simple`, `paginate_get_start`, `paginate_get_per_page`, `filter_fields`, `filter_fields_translatable`, `filter_mode`, `sorting_fields`, `sorting_fields_translatable`, `visible_for_levels`, `override_class_name`, `override_class_file`) VALUES
('bx_polls_administration', 'Sql', 'SELECT * FROM `bx_polls_entries` WHERE 1 ', 'bx_polls_entries', 'id', 'added', 'status_admin', '', 20, NULL, 'start', '', 'text', '', 'like', 'reports', '', 192, 'BxPollsGridAdministration', 'modules/boonex/polls/classes/BxPollsGridAdministration.php'),
('bx_polls_common', 'Sql', 'SELECT * FROM `bx_polls_entries` WHERE 1 ', 'bx_polls_entries', 'id', 'added', 'status', '', 20, NULL, 'start', '', 'text', '', 'like', '', '', 2147483647, 'BxPollsGridCommon', 'modules/boonex/polls/classes/BxPollsGridCommon.php');


INSERT INTO `sys_grid_fields` (`object`, `name`, `title`, `width`, `translatable`, `chars_limit`, `params`, `order`) VALUES
('bx_polls_administration', 'checkbox', '_sys_select', '2%', 0, '', '', 1),
('bx_polls_administration', 'switcher', '_bx_polls_grid_column_title_adm_active', '8%', 0, '', '', 2),
('bx_polls_administration', 'reports', '_sys_txt_reports_title', '5%', 0, '', '', 3),
('bx_polls_administration', 'text', '_bx_polls_grid_column_title_adm_title', '25%', 0, '25', '', 4),
('bx_polls_administration', 'added', '_bx_polls_grid_column_title_adm_added', '20%', 1, '25', '', 5),
('bx_polls_administration', 'author', '_bx_polls_grid_column_title_adm_author', '20%', 0, '25', '', 6),
('bx_polls_administration', 'actions', '', '20%', 0, '', '', 7),

('bx_polls_common', 'checkbox', '_sys_select', '2%', 0, '', '', 1),
('bx_polls_common', 'switcher', '_bx_polls_grid_column_title_adm_active', '8%', 0, '', '', 2),
('bx_polls_common', 'text', '_bx_polls_grid_column_title_adm_title', '40%', 0, '35', '', 3),
('bx_polls_common', 'added', '_bx_polls_grid_column_title_adm_added', '15%', 1, '25', '', 4),
('bx_polls_common', 'status_admin', '_bx_polls_grid_column_title_adm_status_admin', '15%', 0, '16', '', 5),
('bx_polls_common', 'actions', '', '20%', 0, '', '', 6);

INSERT INTO `sys_grid_actions` (`object`, `type`, `name`, `title`, `icon`, `icon_only`, `confirm`, `order`) VALUES
('bx_polls_administration', 'bulk', 'delete', '_bx_polls_grid_action_title_adm_delete', '', 0, 1, 1),
('bx_polls_administration', 'bulk', 'clear_reports', '_bx_polls_grid_action_title_adm_clear_reports', '', 0, 1, 2),
('bx_polls_administration', 'single', 'edit', '_bx_polls_grid_action_title_adm_edit', 'pencil-alt', 1, 0, 1),
('bx_polls_administration', 'single', 'delete', '_bx_polls_grid_action_title_adm_delete', 'remove', 1, 1, 2),
('bx_polls_administration', 'single', 'settings', '_bx_polls_grid_action_title_adm_more_actions', 'cog', 1, 0, 3),
('bx_polls_administration', 'single', 'audit_content', '_bx_polls_grid_action_title_adm_audit_content', 'search', 1, 0, 4),
('bx_polls_administration', 'single', 'clear_reports', '_bx_polls_grid_action_title_adm_clear_reports', 'eraser', 1, 0, 5),

('bx_polls_common', 'bulk', 'delete', '_bx_polls_grid_action_title_adm_delete', '', 0, 1, 1),
('bx_polls_common', 'single', 'edit', '_bx_polls_grid_action_title_adm_edit', 'pencil-alt', 1, 0, 1),
('bx_polls_common', 'single', 'delete', '_bx_polls_grid_action_title_adm_delete', 'remove', 1, 1, 2),
('bx_polls_common', 'single', 'settings', '_bx_polls_grid_action_title_adm_more_actions', 'cog', 1, 0, 3);

-- ALERTS

INSERT INTO `sys_alerts_handlers` (`name`, `class`, `file`, `service_call`) VALUES 
('bx_polls', 'BxPollsAlertsResponse', 'modules/boonex/polls/classes/BxPollsAlertsResponse.php', '');
SET @iHandler := LAST_INSERT_ID();

INSERT INTO `sys_alerts` (`unit`, `action`, `handler_id`) VALUES
('system', 'save_setting', @iHandler),
('profile', 'delete', @iHandler);

