
-- SETTINGS

SET @iTypeOrder = (SELECT MAX(`order`) FROM `sys_options_types` WHERE `group` = 'modules');
INSERT INTO `sys_options_types`(`group`, `name`, `caption`, `icon`, `order`) VALUES 
('modules', 'bx_groups', '_bx_groups', 'bx_groups@modules/boonex/groups/|std-icon.svg', IF(ISNULL(@iTypeOrder), 1, @iTypeOrder + 1));
SET @iTypeId = LAST_INSERT_ID();

INSERT INTO `sys_options_categories` (`type_id`, `name`, `caption`, `order`)
VALUES (@iTypeId, 'bx_groups', '_bx_groups', 1);
SET @iCategId = LAST_INSERT_ID();

INSERT INTO `sys_options` (`name`, `value`, `category_id`, `caption`, `type`, `extra`, `check`, `check_error`, `order`) VALUES
('bx_groups_num_connections_quick', '6', @iCategId, '_bx_groups_option_num_connections_quick', 'digit', '', '', '', 10),
('bx_groups_per_page_browse', '24', @iCategId, '_bx_groups_option_per_page_browse', 'digit', '', '', '', 11),
('bx_groups_num_rss', '10', @iCategId, '_bx_groups_option_num_rss', 'digit', '', '', '', 12),
('bx_groups_per_page_browse_showcase', '32', @iCategId, '_sys_option_per_page_browse_showcase', 'digit', '', '', '', 15),
('bx_groups_per_page_browse_recommended', '10', @iCategId, '_sys_option_per_page_browse_recommended', 'digit', '', '', '', 16),
('bx_groups_per_page_for_favorites_lists', '5', @iCategId, '_bx_groups_option_per_page_for_favorites_lists', 'digit', '', '', '', 17),
('bx_groups_searchable_fields', 'group_name,group_desc', @iCategId, '_bx_groups_option_searchable_fields', 'list', 'a:2:{s:6:"module";s:9:"bx_groups";s:6:"method";s:21:"get_searchable_fields";}', '', '', 30),
('bx_groups_members_mode', '', @iCategId, '_bx_groups_option_members_mode', 'select', 'a:2:{s:6:"module";s:9:"bx_groups";s:6:"method";s:24:"get_options_members_mode";}', '', '', 40),
('bx_groups_enable_subscribe_wo_join', '', @iCategId, '_bx_groups_option_enable_subscribe_wo_join', 'checkbox', '', '', '', 45),
('bx_groups_internal_notifications', '', @iCategId, '_bx_groups_option_internal_notifications', 'checkbox', '', '', '', 50);

-- PAGES

-- PAGE: create profile

INSERT INTO `sys_objects_page`(`object`, `uri`, `title_system`, `title`, `module`, `layout_id`, `visible_for_levels`, `visible_for_levels_editable`, `url`, `meta_description`, `meta_keywords`, `meta_robots`, `cache_lifetime`, `cache_editable`, `deletable`, `override_class_name`, `override_class_file`) VALUES 
('bx_groups_create_profile', 'create-group-profile', '_bx_groups_page_title_sys_create_profile', '_bx_groups_page_title_create_profile', 'bx_groups', 5, 2147483647, 1, 'page.php?i=create-group-profile', '', '', '', 0, 1, 0, '', '');

INSERT INTO `sys_pages_blocks`(`object`, `cell_id`, `module`, `title`, `designbox_id`, `visible_for_levels`, `type`, `content`, `deletable`, `copyable`, `order`) VALUES 
('bx_groups_create_profile', 1, 'bx_groups', '_bx_groups_page_block_title_create_profile', 11, 2147483647, 'service', 'a:2:{s:6:\"module\";s:9:\"bx_groups\";s:6:\"method\";s:13:\"entity_create\";}', 0, 1, 1);

-- PAGE: view profile

INSERT INTO `sys_objects_page`(`object`, `uri`, `title_system`, `title`, `module`, `layout_id`, `visible_for_levels`, `visible_for_levels_editable`, `url`, `meta_description`, `meta_keywords`, `meta_robots`, `cache_lifetime`, `cache_editable`, `deletable`, `override_class_name`, `override_class_file`) VALUES 
('bx_groups_view_profile', 'view-group-profile', '_bx_groups_page_title_sys_view_profile', '_bx_groups_page_title_view_profile', 'bx_groups', 10, 2147483647, 1, 'page.php?i=view-group-profile', '', '', '', 0, 1, 0, 'BxGroupsPageEntry', 'modules/boonex/groups/classes/BxGroupsPageEntry.php');

INSERT INTO `sys_pages_blocks`(`object`, `cell_id`, `module`, `title_system`, `title`, `designbox_id`, `visible_for_levels`, `type`, `content`, `deletable`, `copyable`, `active`, `order`) VALUES
('bx_groups_view_profile', 1, 'bx_groups', '', '_bx_groups_page_block_title_entry_social_sharing', 13, 2147483647, 'service', 'a:2:{s:6:\"module\";s:9:\"bx_groups\";s:6:\"method\";s:21:\"entity_social_sharing\";}', 0, 0, 0, 0),
('bx_groups_view_profile', 1, 'bx_groups', '', '_bx_groups_page_block_title_entry_all_actions', 13, 2147483647, 'service', 'a:2:{s:6:"module";s:9:"bx_groups";s:6:"method";s:18:"entity_all_actions";}', 0, 0, 0, 0),
('bx_groups_view_profile', 2, 'bx_groups', '', '_bx_groups_page_block_title_profile_info', 11, 2147483647, 'service', 'a:2:{s:6:\"module\";s:9:\"bx_groups\";s:6:\"method\";s:11:\"entity_info\";}', 0, 0, 1, 0),
('bx_groups_view_profile', 3, 'bx_groups', '', '_bx_groups_page_block_title_profile_location', 13, 2147483647, 'service', 'a:2:{s:6:\"module\";s:9:\"bx_groups\";s:6:\"method\";s:15:\"entity_location\";}', 0, 0, 0, 0),
('bx_groups_view_profile', 3, 'bx_groups', '', '_bx_groups_page_block_title_entry_context', 13, 2147483647, 'service', 'a:2:{s:6:\"module\";s:9:\"bx_groups\";s:6:\"method\";s:14:\"entity_context\";}', 0, 0, 1, 1),
('bx_groups_view_profile', 3, 'bx_groups', '', '_bx_groups_page_block_title_fans', 11, 2147483647, 'service', 'a:2:{s:6:\"module\";s:9:\"bx_groups\";s:6:\"method\";s:4:\"fans\";}', 0, 0, 1, 2),
('bx_groups_view_profile', 3, 'bx_groups', '', '_bx_groups_page_block_title_admins', 11, 2147483647, 'service', 'a:2:{s:6:\"module\";s:9:\"bx_groups\";s:6:\"method\";s:6:\"admins\";}', 0, 0, 1, 3),
('bx_groups_view_profile', 3, 'bx_groups', '', '_bx_groups_page_block_title_profile_location', 3, 2147483647, 'service', 'a:4:{s:6:\"module\";s:6:\"system\";s:6:\"method\";s:13:\"locations_map\";s:6:\"params\";a:2:{i:0;s:9:\"bx_groups\";i:1;s:12:\"{content_id}\";}s:5:\"class\";s:20:\"TemplServiceMetatags\";}', 0, 0, 1, 4),
('bx_groups_view_profile', 4, 'bx_groups', '', '_bx_groups_page_block_title_profile_description', 13, 2147483647, 'service', 'a:2:{s:6:\"module\";s:9:\"bx_groups\";s:6:\"method\";s:17:\"entity_text_block\";}', 0, 0, 1, 0),
('bx_groups_view_profile', 4, 'bx_groups', '', '_bx_groups_page_block_title_profile_comments', 11, 2147483647, 'service', 'a:2:{s:6:\"module\";s:9:\"bx_groups\";s:6:\"method\";s:15:\"entity_comments\";}', 0, 0, 0, 0),
('bx_groups_view_profile', 2, 'bx_groups', '', '_bx_groups_page_block_title_entry_reports', 11, 2147483647, 'service', 'a:2:{s:6:\"module\";s:9:\"bx_groups\";s:6:\"method\";s:14:\"entity_reports\";}', 0, 0, 1, 6);


-- PAGE: view closed profile 

INSERT INTO `sys_objects_page`(`object`, `uri`, `title_system`, `title`, `module`, `layout_id`, `visible_for_levels`, `visible_for_levels_editable`, `url`, `meta_description`, `meta_keywords`, `meta_robots`, `cache_lifetime`, `cache_editable`, `deletable`, `override_class_name`, `override_class_file`) VALUES 
('bx_groups_view_profile_closed', 'view-group-profile-closed', '_bx_groups_page_title_sys_view_profile_closed', '_bx_groups_page_title_view_profile', 'bx_groups', 10, 2147483647, 1, 'page.php?i=view-group-profile', '', '', '', 0, 1, 0, 'BxGroupsPageEntry', 'modules/boonex/groups/classes/BxGroupsPageEntry.php');

INSERT INTO `sys_pages_blocks`(`object`, `cell_id`, `module`, `title_system`, `title`, `designbox_id`, `visible_for_levels`, `type`, `content`, `deletable`, `copyable`, `active`, `order`) VALUES 
('bx_groups_view_profile_closed', 2, 'bx_groups', '', '_bx_groups_page_block_title_profile_info', 11, 2147483647, 'service', 'a:2:{s:6:\"module\";s:9:\"bx_groups\";s:6:\"method\";s:11:\"entity_info\";}', 0, 0, 1, 0),
('bx_groups_view_profile_closed', 3, 'bx_groups', '', '_bx_groups_page_block_title_fans', 11, 2147483647, 'service', 'a:2:{s:6:\"module\";s:9:\"bx_groups\";s:6:\"method\";s:4:\"fans\";}', 0, 0, 1, 0);

-- PAGE: edit profile

INSERT INTO `sys_objects_page`(`object`, `uri`, `title_system`, `title`, `module`, `layout_id`, `visible_for_levels`, `visible_for_levels_editable`, `url`, `meta_description`, `meta_keywords`, `meta_robots`, `cache_lifetime`, `cache_editable`, `deletable`, `override_class_name`, `override_class_file`) VALUES 
('bx_groups_edit_profile', 'edit-group-profile', '_bx_groups_page_title_sys_edit_profile', '_bx_groups_page_title_edit_profile', 'bx_groups', 5, 2147483647, 1, 'page.php?i=edit-group-profile', '', '', '', 0, 1, 0, 'BxGroupsPageEntry', 'modules/boonex/groups/classes/BxGroupsPageEntry.php');

INSERT INTO `sys_pages_blocks`(`object`, `cell_id`, `module`, `title`, `designbox_id`, `visible_for_levels`, `type`, `content`, `deletable`, `copyable`, `order`) VALUES 
('bx_groups_edit_profile', 1, 'bx_groups', '_bx_groups_page_block_title_edit_profile', 11, 2147483647, 'service', 'a:2:{s:6:\"module\";s:9:\"bx_groups\";s:6:\"method\";s:11:\"entity_edit\";}', 0, 0, 0);

-- PAGE: edit profile cover

INSERT INTO `sys_objects_page`(`object`, `uri`, `title_system`, `title`, `module`, `layout_id`, `visible_for_levels`, `visible_for_levels_editable`, `url`, `meta_description`, `meta_keywords`, `meta_robots`, `cache_lifetime`, `cache_editable`, `deletable`, `override_class_name`, `override_class_file`) VALUES 
('bx_groups_edit_profile_cover', 'edit-group-cover', '_bx_groups_page_title_sys_edit_profile_cover', '_bx_groups_page_title_edit_profile_cover', 'bx_groups', 5, 2147483647, 1, 'page.php?i=edit-group-cover', '', '', '', 0, 1, 0, 'BxGroupsPageEntry', 'modules/boonex/groups/classes/BxGroupsPageEntry.php');

INSERT INTO `sys_pages_blocks`(`object`, `cell_id`, `module`, `title`, `designbox_id`, `visible_for_levels`, `type`, `content`, `deletable`, `copyable`, `order`) VALUES 
('bx_groups_edit_profile_cover', 1, 'bx_groups', '_bx_groups_page_block_title_edit_profile_cover', 11, 2147483647, 'service', 'a:2:{s:6:\"module\";s:9:\"bx_groups\";s:6:\"method\";s:17:\"entity_edit_cover\";}', 0, 0, 0);

-- PAGE: invite members

INSERT INTO `sys_objects_page`(`object`, `uri`, `title_system`, `title`, `module`, `layout_id`, `visible_for_levels`, `visible_for_levels_editable`, `url`, `meta_description`, `meta_keywords`, `meta_robots`, `cache_lifetime`, `cache_editable`, `deletable`, `override_class_name`, `override_class_file`) VALUES 
('bx_groups_invite', 'invite-to-group', '_bx_groups_page_title_sys_invite_to_group', '_bx_groups_page_title_invite_to_group', 'bx_groups', 5, 2147483647, 1, 'page.php?i=invite-to-group', '', '', '', 0, 1, 0, 'BxGroupsPageEntry', 'modules/boonex/groups/classes/BxGroupsPageEntry.php');

INSERT INTO `sys_pages_blocks`(`object`, `cell_id`, `module`, `title`, `designbox_id`, `visible_for_levels`, `type`, `content`, `deletable`, `copyable`, `order`) VALUES 
('bx_groups_invite', 1, 'bx_groups', '_bx_groups_page_block_title_invite_to_group', 11, 2147483647, 'service', 'a:2:{s:6:\"module\";s:9:\"bx_groups\";s:6:\"method\";s:13:\"entity_invite\";}', 0, 0, 0);

-- PAGE: delete profile

INSERT INTO `sys_objects_page`(`object`, `uri`, `title_system`, `title`, `module`, `layout_id`, `visible_for_levels`, `visible_for_levels_editable`, `url`, `meta_description`, `meta_keywords`, `meta_robots`, `cache_lifetime`, `cache_editable`, `deletable`, `override_class_name`, `override_class_file`) VALUES 
('bx_groups_delete_profile', 'delete-group-profile', '_bx_groups_page_title_sys_delete_profile', '_bx_groups_page_title_delete_profile', 'bx_groups', 5, 2147483647, 1, 'page.php?i=delete-group-profile', '', '', '', 0, 1, 0, 'BxGroupsPageEntry', 'modules/boonex/groups/classes/BxGroupsPageEntry.php');

INSERT INTO `sys_pages_blocks`(`object`, `cell_id`, `module`, `title`, `designbox_id`, `visible_for_levels`, `type`, `content`, `deletable`, `copyable`, `order`) VALUES 
('bx_groups_delete_profile', 1, 'bx_groups', '_bx_groups_page_block_title_delete_profile', 11, 2147483647, 'service', 'a:2:{s:6:\"module\";s:9:\"bx_groups\";s:6:\"method\";s:13:\"entity_delete\";}', 0, 0, 0);

-- PAGE: join profile
INSERT INTO `sys_objects_page`(`object`, `uri`, `title_system`, `title`, `module`, `layout_id`, `visible_for_levels`, `visible_for_levels_editable`, `url`, `meta_description`, `meta_keywords`, `meta_robots`, `cache_lifetime`, `cache_editable`, `deletable`, `override_class_name`, `override_class_file`) VALUES 
('bx_groups_join_profile', 'join-group-profile', '_bx_groups_page_title_sys_join_profile', '_bx_groups_page_title_join_profile', 'bx_groups', 5, 2147483647, 1, 'page.php?i=join-group-profile', '', '', '', 0, 1, 0, 'BxGroupsPageEntry', 'modules/boonex/groups/classes/BxGroupsPageEntry.php');

INSERT INTO `sys_pages_blocks`(`object`, `cell_id`, `module`, `title`, `designbox_id`, `visible_for_levels`, `type`, `content`, `deletable`, `copyable`, `order`) VALUES 
('bx_groups_join_profile', 1, 'bx_groups', '_bx_groups_page_block_title_join_profile', 11, 2147483647, 'service', 'a:3:{s:6:"module";s:9:"bx_groups";s:6:"method";s:11:"entity_join";s:6:"params";a:1:{i:0;s:12:"{profile_id}";}}', 0, 0, 0);

-- PAGE: profile info
INSERT INTO `sys_objects_page`(`object`, `uri`, `title_system`, `title`, `module`, `layout_id`, `visible_for_levels`, `visible_for_levels_editable`, `url`, `meta_description`, `meta_keywords`, `meta_robots`, `cache_lifetime`, `cache_editable`, `deletable`, `override_class_name`, `override_class_file`) VALUES 
('bx_groups_profile_info', 'group-profile-info', '_bx_groups_page_title_sys_profile_info', '_bx_groups_page_title_profile_info', 'bx_groups', 5, 2147483647, 1, 'page.php?i=group-profile-info', '', '', '', 0, 1, 0, 'BxGroupsPageEntry', 'modules/boonex/groups/classes/BxGroupsPageEntry.php');

INSERT INTO `sys_pages_blocks`(`object`, `cell_id`, `module`, `title_system`, `title`, `designbox_id`, `visible_for_levels`, `type`, `content`, `deletable`, `copyable`, `active`, `order`) VALUES 
('bx_groups_profile_info', 1, 'bx_groups', '_bx_groups_page_block_title_system_profile_info', '_bx_groups_page_block_title_profile_info_link', 11, 2147483647, 'service', 'a:2:{s:6:\"module\";s:9:\"bx_groups\";s:6:\"method\";s:16:\"entity_info_full\";}', 0, 0, 1, 1),
('bx_groups_profile_info', 1, 'bx_groups', '', '_bx_groups_page_block_title_profile_description', 13, 2147483647, 'service', 'a:2:{s:6:\"module\";s:9:\"bx_groups\";s:6:\"method\";s:17:\"entity_text_block\";}', 0, 0, 1, 2);

-- PAGE: manage profile pricing
INSERT INTO `sys_objects_page`(`object`, `uri`, `title_system`, `title`, `module`, `layout_id`, `visible_for_levels`, `visible_for_levels_editable`, `url`, `meta_description`, `meta_keywords`, `meta_robots`, `cache_lifetime`, `cache_editable`, `deletable`, `override_class_name`, `override_class_file`) VALUES 
('bx_groups_profile_pricing', 'edit-group-pricing', '_bx_groups_page_title_sys_profile_pricing', '_bx_groups_page_title_profile_pricing', 'bx_groups', 5, 2147483647, 1, 'page.php?i=edit-group-pricing', '', '', '', 0, 1, 0, 'BxGroupsPageEntry', 'modules/boonex/groups/classes/BxGroupsPageEntry.php');

INSERT INTO `sys_pages_blocks`(`object`, `cell_id`, `module`, `title_system`, `title`, `designbox_id`, `visible_for_levels`, `type`, `content`, `deletable`, `copyable`, `active`, `order`) VALUES 
('bx_groups_profile_pricing', 1, 'bx_groups', '_bx_groups_page_block_title_system_profile_pricing', '_bx_groups_page_block_title_profile_pricing_link', 11, 2147483647, 'service', 'a:3:{s:6:"module";s:9:"bx_groups";s:6:"method";s:14:"entity_pricing";s:6:"params";a:1:{i:0;s:12:"{profile_id}";}}', 0, 0, 1, 1);

-- PAGE: group fans
INSERT INTO `sys_objects_page`(`object`, `uri`, `title_system`, `title`, `module`, `layout_id`, `visible_for_levels`, `visible_for_levels_editable`, `url`, `meta_description`, `meta_keywords`, `meta_robots`, `cache_lifetime`, `cache_editable`, `deletable`, `override_class_name`, `override_class_file`) VALUES 
('bx_groups_fans', 'group-fans', '_bx_groups_page_title_sys_group_fans', '_bx_groups_page_title_group_fans', 'bx_groups', 5, 2147483647, 1, 'page.php?i=group-fans', '', '', '', 0, 1, 0, 'BxGroupsPageEntry', 'modules/boonex/groups/classes/BxGroupsPageEntry.php');

INSERT INTO `sys_pages_blocks`(`object`, `cell_id`, `module`, `title_system`, `title`, `designbox_id`, `visible_for_levels`, `type`, `content`, `deletable`, `copyable`, `active`, `order`) VALUES 
('bx_groups_fans', 1, 'bx_groups', '_bx_groups_page_block_title_system_fans', '_bx_groups_page_block_title_fans_link', 11, 2147483647, 'service', 'a:2:{s:6:"module";s:9:"bx_groups";s:6:"method";s:10:"fans_table";}', 0, 0, 1, 1),
('bx_groups_fans', 1, 'bx_groups', '_bx_groups_page_block_title_system_invites', '_bx_groups_page_block_title_fans_invites', 11, 2147483647, 'service', 'a:2:{s:6:"module";s:9:"bx_groups";s:6:"method";s:13:"invites_table";}', 0, 0, 1, 1);

-- PAGE: view entry comments
INSERT INTO `sys_objects_page`(`object`, `title_system`, `title`, `module`, `layout_id`, `visible_for_levels`, `visible_for_levels_editable`, `uri`, `url`, `meta_description`, `meta_keywords`, `meta_robots`, `cache_lifetime`, `cache_editable`, `deletable`, `override_class_name`, `override_class_file`) VALUES 
('bx_groups_profile_comments', '_bx_groups_page_title_sys_profile_comments', '_bx_groups_page_title_profile_comments', 'bx_groups', 5, 2147483647, 1, 'group-profile-comments', '', '', '', '', 0, 1, 0, 'BxGroupsPageEntry', 'modules/boonex/groups/classes/BxGroupsPageEntry.php');

INSERT INTO `sys_pages_blocks`(`object`, `cell_id`, `module`, `title_system`, `title`, `designbox_id`, `visible_for_levels`, `type`, `content`, `deletable`, `copyable`, `active`, `order`) VALUES 
('bx_groups_profile_comments', 1, 'bx_groups', '_bx_groups_page_block_title_profile_comments', '_bx_groups_page_block_title_profile_comments_link', 11, 2147483647, 'service', 'a:2:{s:6:\"module\";s:9:\"bx_groups\";s:6:\"method\";s:15:\"entity_comments\";}', 0, 0, 0, 1);

-- PAGE: module home

INSERT INTO `sys_objects_page`(`object`, `title_system`, `title`, `module`, `layout_id`, `visible_for_levels`, `visible_for_levels_editable`, `uri`, `url`, `meta_description`, `meta_keywords`, `meta_robots`, `cache_lifetime`, `cache_editable`, `deletable`, `override_class_name`, `override_class_file`) VALUES 
('bx_groups_home', '_bx_groups_page_title_sys_recent', '_bx_groups_page_title_recent', 'bx_groups', 5, 2147483647, 1, 'groups-home', 'page.php?i=groups-home', '', '', '', 0, 1, 0, 'BxGroupsPageBrowse', 'modules/boonex/groups/classes/BxGroupsPageBrowse.php');

INSERT INTO `sys_pages_blocks`(`object`, `cell_id`, `module`, `title`, `designbox_id`, `visible_for_levels`, `type`, `content`, `deletable`, `copyable`, `order`) VALUES
('bx_groups_home', 1, 'bx_groups', '_bx_groups_page_block_title_featured_profiles', 11, 2147483647, 'service', 'a:3:{s:6:"module";s:9:"bx_groups";s:6:"method";s:15:"browse_featured";s:6:"params";a:1:{i:0;s:7:"gallery";}}', 0, 1, 0),
('bx_groups_home', 1, 'bx_groups', '_bx_groups_page_block_title_latest_profiles', 11, 2147483647, 'service', 'a:3:{s:6:\"module\";s:9:\"bx_groups\";s:6:\"method\";s:22:\"browse_recent_profiles\";s:6:"params";a:1:{i:0;b:1;}}', 0, 1, 1);

-- PAGE: top profiles

INSERT INTO `sys_objects_page`(`object`, `title_system`, `title`, `module`, `layout_id`, `visible_for_levels`, `visible_for_levels_editable`, `uri`, `url`, `meta_description`, `meta_keywords`, `meta_robots`, `cache_lifetime`, `cache_editable`, `deletable`, `override_class_name`, `override_class_file`) VALUES 
('bx_groups_top', '_bx_groups_page_title_sys_top', '_bx_groups_page_title_top', 'bx_groups', 5, 2147483647, 1, 'groups-top', 'page.php?i=groups-top', '', '', '', 0, 1, 0, 'BxGroupsPageBrowse', 'modules/boonex/groups/classes/BxGroupsPageBrowse.php');

INSERT INTO `sys_pages_blocks`(`object`, `cell_id`, `module`, `title`, `designbox_id`, `visible_for_levels`, `type`, `content`, `deletable`, `copyable`, `order`) VALUES 
('bx_groups_top', 1, 'bx_groups', '_bx_groups_page_block_title_top_profiles', 11, 2147483647, 'service', 'a:3:{s:6:\"module\";s:9:\"bx_groups\";s:6:\"method\";s:19:\"browse_top_profiles\";s:6:"params";a:1:{i:0;b:1;}}', 0, 1, 0);

-- PAGE: search for entries
INSERT INTO `sys_objects_page`(`object`, `title_system`, `title`, `module`, `layout_id`, `visible_for_levels`, `visible_for_levels_editable`, `uri`, `url`, `meta_description`, `meta_keywords`, `meta_robots`, `cache_lifetime`, `cache_editable`, `deletable`, `override_class_name`, `override_class_file`) VALUES 
('bx_groups_search', '_bx_groups_page_title_sys_entries_search', '_bx_groups_page_title_entries_search', 'bx_groups', 5, 2147483647, 1, 'groups-search', 'page.php?i=groups-search', '', '', '', 0, 1, 0, 'BxGroupsPageBrowse', 'modules/boonex/groups/classes/BxGroupsPageBrowse.php');

INSERT INTO `sys_pages_blocks`(`object`, `cell_id`, `module`, `title`, `designbox_id`, `visible_for_levels`, `type`, `content`, `deletable`, `copyable`, `active`, `order`) VALUES 
('bx_groups_search', 1, 'bx_groups', '_bx_groups_page_block_title_search_form', 11, 2147483647, 'service', 'a:4:{s:6:"module";s:6:"system";s:6:"method";s:8:"get_form";s:6:"params";a:1:{i:0;a:1:{s:6:"object";s:9:"bx_groups";}}s:5:"class";s:27:"TemplSearchExtendedServices";}', 0, 1, 1, 1),
('bx_groups_search', 1, 'bx_groups', '_bx_groups_page_block_title_search_results', 11, 2147483647, 'service', 'a:4:{s:6:"module";s:6:"system";s:6:"method";s:11:"get_results";s:6:"params";a:1:{i:0;a:2:{s:6:"object";s:9:"bx_groups";s:10:"show_empty";b:1;}}s:5:"class";s:27:"TemplSearchExtendedServices";}', 0, 1, 1, 2),
('bx_groups_search', 1, 'bx_groups', '_bx_groups_page_block_title_search_form_cmts', 11, 2147483647, 'service', 'a:4:{s:6:"module";s:6:"system";s:6:"method";s:8:"get_form";s:6:"params";a:1:{i:0;a:1:{s:6:"object";s:14:"bx_groups_cmts";}}s:5:"class";s:27:"TemplSearchExtendedServices";}', 0, 1, 0, 3),
('bx_groups_search', 1, 'bx_groups', '_bx_groups_page_block_title_search_results_cmts', 11, 2147483647, 'service', 'a:4:{s:6:"module";s:6:"system";s:6:"method";s:11:"get_results";s:6:"params";a:1:{i:0;a:2:{s:6:"object";s:14:"bx_groups_cmts";s:10:"show_empty";b:1;}}s:5:"class";s:27:"TemplSearchExtendedServices";}', 0, 1, 0, 4);

-- PAGE: entries in context
INSERT INTO `sys_objects_page`(`object`, `uri`, `title_system`, `title`, `module`, `layout_id`, `visible_for_levels`, `visible_for_levels_editable`, `url`, `meta_description`, `meta_keywords`, `meta_robots`, `cache_lifetime`, `cache_editable`, `deletable`, `override_class_name`, `override_class_file`) VALUES 
('bx_groups_context', 'groups-context', '_bx_groups_page_title_sys_entries_in_context', '_bx_groups_page_title_entries_in_context', 'bx_groups', 5, 2147483647, 1, '', '', '', '', 0, 1, 0, 'BxGroupsPageEntriesInContext', 'modules/boonex/groups/classes/BxGroupsPageEntriesInContext.php');

INSERT INTO `sys_pages_blocks`(`object`, `cell_id`, `module`, `title_system`, `title`, `designbox_id`, `visible_for_levels`, `type`, `content`, `deletable`, `copyable`, `active`, `order`) VALUES 
('bx_groups_context', 1, 'bx_groups', '_bx_groups_page_block_title_sys_entries_in_context', '_bx_groups_page_block_title_entries_in_context_link', 11, 2147483647, 'service', 'a:2:{s:6:"module";s:9:"bx_groups";s:6:"method";s:14:"browse_context";}', 0, 0, 1, 1);

-- PAGE: joined profiles
INSERT INTO `sys_objects_page`(`object`, `title_system`, `title`, `module`, `layout_id`, `visible_for_levels`, `visible_for_levels_editable`, `uri`, `url`, `meta_description`, `meta_keywords`, `meta_robots`, `cache_lifetime`, `cache_editable`, `deletable`, `override_class_name`, `override_class_file`) VALUES 
('bx_joined_groups', '_bx_groups_page_title_sys_joined', '_bx_groups_page_title_joined', 'bx_groups', 5, 2147483647, 1, 'groups-joined', 'page.php?i=groups-joined', '', '', '', 0, 1, 0, 'BxGroupsPageBrowse', 'modules/boonex/groups/classes/BxGroupsPageBrowse.php');

INSERT INTO `sys_pages_blocks`(`object`, `cell_id`, `module`, `title`, `designbox_id`, `visible_for_levels`, `type`, `content`, `deletable`, `copyable`, `order`) VALUES 
('bx_joined_groups', 1, 'bx_groups', '_bx_groups_page_block_title_joined_entries', 11, 2147483647, 'service', 'a:3:{s:6:"module";s:9:"bx_groups";s:6:"method";s:21:"browse_joined_entries";s:6:"params";a:2:{i:0;s:12:"{profile_id}";i:1;b:1;}}', 0, 1, 0);

-- PAGE: module manage own

INSERT INTO `sys_objects_page`(`object`, `title_system`, `title`, `module`, `layout_id`, `visible_for_levels`, `visible_for_levels_editable`, `uri`, `url`, `meta_description`, `meta_keywords`, `meta_robots`, `cache_lifetime`, `cache_editable`, `deletable`, `override_class_name`, `override_class_file`) VALUES 
('bx_groups_manage', '_bx_groups_page_title_sys_manage', '_bx_groups_page_title_manage', 'bx_groups', 5, 2147483647, 1, 'groups-manage', 'page.php?i=groups-manage', '', '', '', 0, 1, 0, 'BxGroupsPageBrowse', 'modules/boonex/groups/classes/BxGroupsPageBrowse.php');

INSERT INTO `sys_pages_blocks`(`object`, `cell_id`, `module`, `title_system`, `title`, `designbox_id`, `visible_for_levels`, `type`, `content`, `deletable`, `copyable`, `order`) VALUES 
('bx_groups_manage', 1, 'bx_groups', '_bx_groups_page_block_title_system_manage', '_bx_groups_page_block_title_manage', 11, 2147483647, 'service', 'a:2:{s:6:\"module\";s:9:\"bx_groups\";s:6:\"method\";s:12:\"manage_tools\";}}', 0, 1, 0);

-- PAGE: module manage all
INSERT INTO `sys_objects_page`(`object`, `title_system`, `title`, `module`, `layout_id`, `visible_for_levels`, `visible_for_levels_editable`, `uri`, `url`, `meta_description`, `meta_keywords`, `meta_robots`, `cache_lifetime`, `cache_editable`, `deletable`, `override_class_name`, `override_class_file`) VALUES 
('bx_groups_administration', '_bx_groups_page_title_sys_manage_administration', '_bx_groups_page_title_manage', 'bx_groups', 5, 192, 1, 'groups-administration', 'page.php?i=groups-administration', '', '', '', 0, 1, 0, 'BxGroupsPageBrowse', 'modules/boonex/groups/classes/BxGroupsPageBrowse.php');

INSERT INTO `sys_pages_blocks`(`object`, `cell_id`, `module`, `title_system`, `title`, `designbox_id`, `visible_for_levels`, `type`, `content`, `deletable`, `copyable`, `order`) VALUES 
('bx_groups_administration', 1, 'bx_groups', '_bx_groups_page_block_title_system_manage_administration', '_bx_groups_page_block_title_manage', 11, 192, 'service', 'a:3:{s:6:\"module\";s:9:\"bx_groups\";s:6:\"method\";s:12:\"manage_tools\";s:6:\"params\";a:1:{i:0;s:14:\"administration\";}}', 0, 1, 0);

-- PAGE: user's groups
INSERT INTO `sys_objects_page`(`object`, `uri`, `title_system`, `title`, `module`, `layout_id`, `visible_for_levels`, `visible_for_levels_editable`, `url`, `meta_description`, `meta_keywords`, `meta_robots`, `cache_lifetime`, `cache_editable`, `deletable`, `override_class_name`, `override_class_file`) VALUES 
('bx_groups_joined', 'joined-groups', '_bx_groups_page_title_sys_joined_entries', '_bx_groups_page_title_joined_entries', 'bx_groups', 5, 2147483647, 1, '', '', '', '', 0, 1, 0, 'BxGroupsPageJoinedEntries', 'modules/boonex/groups/classes/BxGroupsPageJoinedEntries.php');

INSERT INTO `sys_pages_blocks`(`object`, `cell_id`, `module`, `title_system`, `title`, `designbox_id`, `visible_for_levels`, `type`, `content`, `deletable`, `copyable`, `active`, `order`) VALUES
('bx_groups_joined', 1, 'bx_groups', '_bx_groups_page_block_title_sys_entries_actions', '_bx_groups_page_block_title_entries_actions', 13, 2147483647, 'service', 'a:2:{s:6:"module";s:9:"bx_groups";s:6:"method";s:18:"my_entries_actions";}', 0, 0, 1, 1),
('bx_groups_joined', 1, 'bx_groups', '_bx_groups_page_block_title_sys_entries_of_author', '_bx_groups_page_block_title_sys_entries_of_author', 11, 2147483647, 'service', 'a:3:{s:6:"module";s:9:"bx_groups";s:6:"method";s:21:"browse_favorite_lists";s:6:"params";a:2:{s:10:"profile_id";s:12:"{profile_id}";s:6:"params";a:3:{s:9:"unit_view";s:8:"showcase";s:13:"empty_message";b:0;s:13:"ajax_paginate";b:0;}}}', 0, 1, 1, 2),
('bx_groups_joined', 1, 'bx_groups', '_bx_groups_page_block_title_sys_favorites_of_author', '_bx_groups_page_block_title_favorites_of_author', 11, 2147483647, 'service', 'a:3:{s:6:"module";s:9:"bx_groups";s:6:"method";s:15:"browse_favorite";s:6:"params";a:1:{i:0;s:12:"{profile_id}";}}', 0, 1, 1, 3),
('bx_groups_joined', 1, 'bx_groups', '_bx_groups_page_block_title_sys_joined_entries', '_bx_groups_page_block_title_joined_entries', 11, 2147483647, 'service', 'a:3:{s:6:"module";s:9:"bx_groups";s:6:"method";s:21:"browse_joined_entries";s:6:"params";a:2:{i:0;i:0;i:1;b:1;}}', 0, 0, 1, 4);


-- PAGE: favorites by list
INSERT INTO `sys_objects_page`(`object`, `title_system`, `title`, `module`, `layout_id`, `visible_for_levels`, `visible_for_levels_editable`, `uri`, `url`, `meta_description`, `meta_keywords`, `meta_robots`, `cache_lifetime`, `cache_editable`, `deletable`, `override_class_name`, `override_class_file`) VALUES 
('bx_groups_favorites', '_bx_groups_page_title_sys_entries_favorites', '_bx_groups_page_title_entries_favorites', 'bx_groups', 12, 2147483647, 1, 'groups-favorites', 'page.php?i=groups-favorites', '', '', '', 0, 1, 0, 'BxGroupsPageListEntry', 'modules/boonex/groups/classes/BxGroupsPageListEntry.php');

INSERT INTO `sys_pages_blocks`(`object`, `cell_id`, `module`, `title_system`, `title`, `designbox_id`, `visible_for_levels`, `type`, `content`, `deletable`, `copyable`, `order`) VALUES 
('bx_groups_favorites', 2, 'bx_groups', '_bx_groups_page_block_title_sys_favorites_entries', '_bx_groups_page_block_title_favorites_entries', 11, 2147483647, 'service', 'a:3:{s:6:"module";s:9:"bx_groups";s:6:"method";s:15:"browse_favorite";s:6:"params";a:2:{s:10:"profile_id";s:12:"{profile_id}";s:6:"params";a:3:{s:9:"unit_view";s:7:"gallery";s:13:"empty_message";b:0;s:13:"ajax_paginate";b:0;}}}', 0, 1, 1),
('bx_groups_favorites', 3, 'bx_groups', '', '_bx_groups_page_block_title_favorites_entries_info', 11, 2147483647, 'service', 'a:2:{s:6:"module";s:9:"bx_groups";s:6:"method";s:19:"favorites_list_info";}', 0, 0, 0),
('bx_groups_favorites', 3, 'bx_groups', '', '_bx_groups_page_block_title_favorites_entries_actions', 13, 2147483647, 'service', 'a:2:{s:6:"module";s:9:"bx_groups";s:6:"method";s:22:"favorites_list_actions";}', 0, 0, 1);


-- PAGE: add block to homepage
SET @iBlockOrder = (SELECT `order` FROM `sys_pages_blocks` WHERE `object` = 'sys_home' AND `cell_id` = 1 ORDER BY `order` DESC LIMIT 1);
INSERT INTO `sys_pages_blocks` (`object`, `cell_id`, `module`, `title_system`, `title`, `designbox_id`, `visible_for_levels`, `type`, `content`, `deletable`, `copyable`, `active`, `order`) VALUES
('sys_home', 1, 'bx_groups', '', '_bx_groups_page_block_title_latest_profiles', 11, 2147483647, 'service', 'a:2:{s:6:"module";s:9:"bx_groups";s:6:"method";s:22:"browse_recent_profiles";}', 1, 0, 0, IFNULL(@iBlockOrder, 0) + 1),
('sys_home', 1, 'bx_groups', '_bx_groups_page_block_title_sys_recommended_entries_view_showcase', '_bx_groups_page_block_title_recommended_entries_view_showcase', 11, 2147483647, 'service', 'a:2:{s:6:"module";s:9:"bx_groups";s:6:"method";s:18:"browse_recommended";}', 1, 0, 0, IFNULL(@iBlockOrder, 0) + 2);


-- PAGE: service blocks
SET @iBlockOrder = (SELECT `order` FROM `sys_pages_blocks` WHERE `object` = '' AND `cell_id` = 0 ORDER BY `order` DESC LIMIT 1);
INSERT INTO `sys_pages_blocks` (`object`, `cell_id`, `module`, `title_system`, `title`, `designbox_id`, `visible_for_levels`, `type`, `content`, `deletable`, `copyable`, `active`, `order`) VALUES
('', 0, 'bx_groups', '', '_bx_groups_page_block_title_categories', 11, 2147483647, 'service', 'a:4:{s:6:"module";s:6:"system";s:6:"method";s:15:"categories_list";s:6:"params";a:2:{i:0;s:14:"bx_groups_cats";i:1;a:2:{s:10:\"show_empty\";b:1;s:21:\"show_empty_categories\";b:1;}}s:5:"class";s:20:"TemplServiceCategory";}', 1, 1, 1, IFNULL(@iBlockOrder, 0) + 1),
('', 0, 'bx_groups', '_bx_groups_page_block_title_sys_featured_entries_view_showcase', '_bx_groups_page_block_title_featured_entries_view_showcase', 11, 2147483647, 'service', 'a:3:{s:6:\"module\";s:9:\"bx_groups\";s:6:\"method\";s:15:\"browse_featured\";s:6:\"params\";a:3:{s:9:\"unit_view\";s:8:\"showcase\";s:13:\"empty_message\";b:0;s:13:\"ajax_paginate\";b:0;}}', 0, 1, 1, IFNULL(@iBlockOrder, 0) + 2),
('', 0, 'bx_groups', '_bx_groups_page_block_title_sys_recommended_entries_view_showcase', '_bx_groups_page_block_title_recommended_entries_view_showcase', 11, 2147483647, 'service', 'a:3:{s:6:\"module\";s:9:\"bx_groups\";s:6:\"method\";s:18:\"browse_recommended\";s:6:\"params\";a:3:{s:9:\"unit_view\";s:8:\"showcase\";s:13:\"empty_message\";b:0;s:13:\"ajax_paginate\";b:0;}}', 0, 1, 1, IFNULL(@iBlockOrder, 0) + 3),
('', 0, 'bx_groups', '_bx_groups_page_block_title_sys_labels_tree', '_bx_groups_page_block_title_labels_tree', 11, 2147483647, 'service', 'a:2:{s:6:"module";s:9:"bx_groups";s:6:"method";s:15:"get_lables_tree";}', 0, 1, 1, IFNULL(@iBlockOrder, 0) + 4),
('', 0, 'bx_groups', '_bx_groups_page_block_title_sys_groups_browse_by_label', '_bx_groups_page_block_title_groups_browse_by_label', 11, 2147483647, 'service', 'a:2:{s:6:"module";s:9:"bx_groups";s:6:"method";s:15:"browse_by_label";}', 0, 1, 1, IFNULL(@iBlockOrder, 0) + 5),
('', 0, 'bx_groups', '_bx_groups_page_block_title_sys_labels_breadcrumbs', '_bx_groups_page_block_title_labels_breadcrumbs', 11, 2147483647, 'service', 'a:2:{s:6:"module";s:9:"bx_groups";s:6:"method";s:22:"get_lables_breadcrumbs";}', 0, 1, 1, IFNULL(@iBlockOrder, 0) + 6),
('', 0, 'bx_groups', '_bx_groups_page_block_title_sys_cover_block', '_bx_groups_page_block_title_cover_block', 3, 2147483647, 'service', 'a:2:{s:6:\"module\";s:9:\"bx_groups\";s:6:\"method\";s:12:\"entity_cover\";}', 0, 1, 1, IFNULL(@iBlockOrder, 0) + 7);

 -- PAGES: add page block to profiles modules (trigger* page objects are processed separately upon modules enable/disable)
INSERT INTO `sys_pages_blocks` (`object`, `cell_id`, `module`, `title`, `designbox_id`, `visible_for_levels`, `type`, `content`, `deletable`, `copyable`, `order`, `active`) VALUES
('trigger_page_group_view_entry', 4, 'bx_groups', '_bx_groups_page_block_title_entries_in_context', 11, 2147483647, 'service', 'a:3:{s:6:"module";s:9:"bx_groups";s:6:"method";s:14:"browse_context";s:6:"params";a:1:{s:10:"context_id";s:12:"{profile_id}";}}', 0, 0, 1, 0);


-- MENU

-- MENU: add to site menu

SET @iSiteMenuOrder = (SELECT `order` FROM `sys_menu_items` WHERE `set_name` = 'sys_site' AND `active` = 1 AND `order` < 9999 ORDER BY `order` DESC LIMIT 1);
INSERT INTO `sys_menu_items` (`set_name`, `module`, `name`, `title_system`, `title`, `link`, `onclick`, `target`, `icon`, `submenu_object`, `visible_for_levels`, `active`, `copyable`, `order`) VALUES 
('sys_site', 'bx_groups', 'groups-home', '_bx_groups_menu_item_title_system_entries_home', '_bx_groups_menu_item_title_entries_home', 'page.php?i=groups-home', '', '', 'users col-red2', 'bx_groups_submenu', 2147483647, 1, 1, IFNULL(@iSiteMenuOrder, 0) + 1);

-- MENU: add to homepage menu

SET @iHomepageMenuOrder = (SELECT `order` FROM `sys_menu_items` WHERE `set_name` = 'sys_homepage' AND `active` = 1 ORDER BY `order` DESC LIMIT 1);
INSERT INTO `sys_menu_items` (`set_name`, `module`, `name`, `title_system`, `title`, `link`, `onclick`, `target`, `icon`, `submenu_object`, `visible_for_levels`, `active`, `copyable`, `order`) VALUES 
('sys_homepage', 'bx_groups', 'groups-home', '_bx_groups_menu_item_title_system_entries_home', '_bx_groups_menu_item_title_entries_home', 'page.php?i=groups-home', '', '', 'users col-red2', 'bx_groups_submenu', 2147483647, 1, 1, IFNULL(@iHomepageMenuOrder, 0) + 1);

-- MENU: add to "add content" menu

SET @iAddMenuOrder = (SELECT `order` FROM `sys_menu_items` WHERE `set_name` = 'sys_add_content_links' AND `active` = 1 ORDER BY `order` DESC LIMIT 1);
INSERT INTO `sys_menu_items` (`set_name`, `module`, `name`, `title_system`, `title`, `link`, `onclick`, `target`, `icon`, `submenu_object`, `visible_for_levels`, `active`, `copyable`, `order`) VALUES 
('sys_add_content_links', 'bx_groups', 'create-group-profile', '_bx_groups_menu_item_title_system_create_profile', '_bx_groups_menu_item_title_create_profile', 'page.php?i=create-group-profile', '', '', 'users col-red2', '', 2147483647, 1, 1, IFNULL(@iAddMenuOrder, 0) + 1);

-- MENU: view actions

INSERT INTO `sys_objects_menu`(`object`, `title`, `set_name`, `module`, `template_id`, `deletable`, `active`, `override_class_name`, `override_class_file`) VALUES 
('bx_groups_view_actions', '_bx_groups_menu_title_view_profile_actions', 'bx_groups_view_actions', 'bx_groups', 9, 0, 1, 'BxGroupsMenuViewActions', 'modules/boonex/groups/classes/BxGroupsMenuViewActions.php');

INSERT INTO `sys_menu_sets`(`set_name`, `module`, `title`, `deletable`) VALUES 
('bx_groups_view_actions', 'bx_groups', '_bx_groups_menu_set_title_view_profile_actions', 0);

INSERT INTO `sys_menu_items`(`set_name`, `module`, `name`, `title_system`, `title`, `link`, `onclick`, `target`, `icon`, `submenu_object`, `submenu_popup`, `visible_for_levels`, `visibility_custom`, `active`, `copyable`, `editable`, `order`) VALUES 
('bx_groups_view_actions', 'bx_groups', 'join-group-profile', '_bx_groups_menu_item_title_system_pay_and_join', '_bx_groups_menu_item_title_pay_and_join', 'page.php?i=join-group-profile&profile_id={profile_id}', '', '', 'sign-in-alt', '', 0, 2147483647, 'a:3:{s:6:"module";s:9:"bx_groups";s:6:"method";s:22:"is_paid_join_avaliable";s:6:"params";a:1:{i:0;s:12:"{profile_id}";}}', 1, 0, 0, 5),
('bx_groups_view_actions', 'bx_groups', 'profile-fan-add', '_bx_groups_menu_item_title_system_become_fan', '{title_add_fan}', 'javascript:void(0)', 'bx_conn_action(this, \'bx_groups_fans\', \'add\', \'{profile_id}\')', '', 'sign-in-alt', '', 0, 2147483647, 'a:3:{s:6:"module";s:9:"bx_groups";s:6:"method";s:22:"is_free_join_avaliable";s:6:"params";a:1:{i:0;s:12:"{profile_id}";}}', 1, 0, 0, 10),
('bx_groups_view_actions', 'bx_groups', 'profile-subscribe-add', '_bx_groups_menu_item_title_system_subscribe', '_bx_groups_menu_item_title_subscribe', 'javascript:void(0)', 'bx_conn_action(this, \'sys_profiles_subscriptions\', \'add\', \'{profile_id}\')', '', 'check', '', 0, 2147483647, '', 1, 0, 1, 20),
('bx_groups_view_actions', 'bx_groups', 'profile-set-badges', '_sys_menu_item_title_system_set_badges', '_sys_menu_item_title_set_badges', 'javascript:void(0)', 'bx_menu_popup(''sys_set_badges'', window, {}, {module: ''bx_groups'', content_id: {content_id}});', '', 'check-circle', '', 0, 192, 'a:2:{s:6:"module";s:9:"bx_groups";s:6:"method";s:19:"is_badges_avaliable";}', 1, 0, 1, 30),
('bx_groups_view_actions', 'bx_groups', 'profile-actions-more', '_bx_groups_menu_item_title_system_more_actions', '_bx_groups_menu_item_title_more_actions', 'javascript:void(0)', 'bx_menu_popup(''bx_groups_view_actions_more'', this, {}, {profile_id:{profile_id}});', '', 'cog', 'bx_groups_view_actions_more', 1, 2147483647, '', 1, 0, 1, 9999);

-- MENU: view actions more

INSERT INTO `sys_objects_menu`(`object`, `title`, `set_name`, `module`, `template_id`, `deletable`, `active`, `override_class_name`, `override_class_file`) VALUES 
('bx_groups_view_actions_more', '_bx_groups_menu_title_view_profile_actions_more', 'bx_groups_view_actions_more', 'bx_groups', 6, 0, 1, 'BxGroupsMenuViewActions', 'modules/boonex/groups/classes/BxGroupsMenuViewActions.php');

INSERT INTO `sys_menu_sets`(`set_name`, `module`, `title`, `deletable`) VALUES 
('bx_groups_view_actions_more', 'bx_groups', '_bx_groups_menu_set_title_view_profile_actions_more', 0);

INSERT INTO `sys_menu_items`(`set_name`, `module`, `name`, `title_system`, `title`, `link`, `onclick`, `target`, `icon`, `submenu_object`, `visible_for_levels`, `visibility_custom`, `active`, `copyable`, `order`) VALUES 
('bx_groups_view_actions_more', 'bx_groups', 'profile-fan-remove', '_bx_groups_menu_item_title_system_leave_group', '{title_remove_fan}', 'javascript:void(0)', 'bx_conn_action(this, \'bx_groups_fans\', \'remove\', \'{profile_id}\')', '', 'sign-out-alt', '', 2147483647, '', 1, 0, 10),
('bx_groups_view_actions_more', 'bx_groups', 'profile-subscribe-remove', '_bx_groups_menu_item_title_system_unsubscribe', '_bx_groups_menu_item_title_unsubscribe', 'javascript:void(0)', 'bx_conn_action(this, \'sys_profiles_subscriptions\', \'remove\', \'{profile_id}\')', '', 'check', '', 2147483647, '', 1, 0, 20),
('bx_groups_view_actions_more', 'bx_groups', 'edit-group-cover', '_bx_groups_menu_item_title_system_edit_cover', '_bx_groups_menu_item_title_edit_cover', 'page.php?i=edit-group-cover&id={content_id}', '', '', 'edit', '', 2147483647, '', 1, 0, 30),
('bx_groups_view_actions_more', 'bx_groups', 'edit-group-profile', '_bx_groups_menu_item_title_system_edit_profile', '_bx_groups_menu_item_title_edit_profile', 'page.php?i=edit-group-profile&id={content_id}', '', '', 'pencil-alt', '', 2147483647, '', 1, 0, 40),
('bx_groups_view_actions_more', 'bx_groups', 'edit-group-pricing', '_bx_groups_menu_item_title_system_edit_pricing', '_bx_groups_menu_item_title_edit_pricing', 'page.php?i=edit-group-pricing&profile_id={profile_id}', '', '', 'money-check-alt', '', 2147483647, 'a:3:{s:6:"module";s:9:"bx_groups";s:6:"method";s:20:"is_pricing_avaliable";s:6:"params";a:1:{i:0;s:12:"{profile_id}";}}', 1, 0, 41),
('bx_groups_view_actions_more', 'bx_groups', 'invite-to-group', '_bx_groups_menu_item_title_system_invite', '_bx_groups_menu_item_title_invite', 'page.php?i=invite-to-group&id={content_id}', '', '', 'user-friends', '', 2147483647, '', 1, 0, 42),
('bx_groups_view_actions_more', 'bx_groups', 'delete-group-profile', '_bx_groups_menu_item_title_system_delete_profile', '_bx_groups_menu_item_title_delete_profile', 'page.php?i=delete-group-profile&id={content_id}', '', '', 'remove', '', 2147483647, '', 1, 0, 50);

-- MENU: all actions menu for view entry 

INSERT INTO `sys_objects_menu`(`object`, `title`, `set_name`, `module`, `template_id`, `deletable`, `active`, `override_class_name`, `override_class_file`) VALUES 
('bx_groups_view_actions_all', '_sys_menu_title_view_actions', 'bx_groups_view_actions_all', 'bx_groups', 15, 0, 1, 'BxGroupsMenuViewActionsAll', 'modules/boonex/groups/classes/BxGroupsMenuViewActionsAll.php');

INSERT INTO `sys_menu_sets`(`set_name`, `module`, `title`, `deletable`) VALUES 
('bx_groups_view_actions_all', 'bx_groups', '_sys_menu_set_title_view_actions', 0);

INSERT INTO `sys_menu_items`(`set_name`, `module`, `name`, `title_system`, `title`, `link`, `onclick`, `target`, `icon`, `addon`, `submenu_object`, `submenu_popup`, `visible_for_levels`, `visibility_custom`, `active`, `copyable`, `order`) VALUES 
('bx_groups_view_actions_all', 'bx_groups', 'join-group-profile', '_bx_groups_menu_item_title_system_pay_and_join', '', '', '', '', '', '', '', 0, 2147483647, '', 1, 0, 5),
('bx_groups_view_actions_all', 'bx_groups', 'profile-fan-add', '_bx_groups_menu_item_title_system_become_fan', '', '', '', '', '', '', '', 0, 2147483647, '', 1, 0, 10),
('bx_groups_view_actions_all', 'bx_groups', 'profile-fan-remove', '_bx_groups_menu_item_title_system_leave_group', '', '', '', '', '', '', '', 0, 2147483647, '', 1, 0, 20),
('bx_groups_view_actions_all', 'bx_groups', 'profile-subscribe-add', '_bx_groups_menu_item_title_system_subscribe', '', '', '', '', '', '', '', 0, 2147483647, '', 1, 0, 30),
('bx_groups_view_actions_all', 'bx_groups', 'profile-subscribe-remove', '_bx_groups_menu_item_title_system_unsubscribe', '', '', '', '', '', '', '', 0, 2147483647, '', 1, 0, 40),
('bx_groups_view_actions_all', 'bx_groups', 'profile-set-badges', '_sys_menu_item_title_system_set_badges', '', '', '', '', '', '', '', 0, 192, 'a:2:{s:6:"module";s:9:"bx_groups";s:6:"method";s:19:"is_badges_avaliable";}', 1, 0, 50),
('bx_groups_view_actions_all', 'bx_groups', 'comment', '_sys_menu_item_title_system_va_comment', '', '', '', '', '', '', '', 0, 2147483647, '', 0, 0, 200),
('bx_groups_view_actions_all', 'bx_groups', 'view', '_sys_menu_item_title_system_va_view', '', '', '', '', '', '', '', 0, 2147483647, '', 1, 0, 210),
('bx_groups_view_actions_all', 'bx_groups', 'vote', '_sys_menu_item_title_system_va_vote', '', '', '', '', '', '', '', 0, 2147483647, '', 1, 0, 220),
('bx_groups_view_actions_all', 'bx_groups', 'score', '_sys_menu_item_title_system_va_score', '', '', '', '', '', '', '', 0, 2147483647, '', 1, 0, 230),
('bx_groups_view_actions_all', 'bx_groups', 'favorite', '_sys_menu_item_title_system_va_favorite', '', '', '', '', '', '', '', 0, 2147483647, '', 1, 0, 240),
('bx_groups_view_actions_all', 'bx_groups', 'feature', '_sys_menu_item_title_system_va_feature', '', '', '', '', '', '', '', 0, 2147483647, '', 1, 0, 250),
('bx_groups_view_actions_all', 'bx_groups', 'repost', '_sys_menu_item_title_system_va_repost', '', '', '', '', '', '', '', 0, 2147483647, '', 1, 0, 260),
('bx_groups_view_actions_all', 'bx_groups', 'report', '_sys_menu_item_title_system_va_report', '', '', '', '', '', '', '', 0, 2147483647, '', 1, 0, 270),
('bx_groups_view_actions_all', 'bx_groups', 'notes', '_sys_menu_item_title_system_va_notes', '_sys_menu_item_title_va_notes', 'javascript:void(0)', 'javascript:bx_get_notes(this,  ''{module_uri}'', {content_id});', '', 'exclamation-triangle', '', '', 0, 2147483647, '', 1, 0, 280),
('bx_groups_view_actions_all', 'bx_groups', 'audit', '_sys_menu_item_title_system_va_audit', '_sys_menu_item_title_va_audit', 'page.php?i=dashboard-audit&module=bx_groups&content_id={content_id}', '', '', 'history', '', '', 0, 192, '', 1, 0, 290),
('bx_groups_view_actions_all', 'bx_groups', 'social-sharing', '_sys_menu_item_title_system_social_sharing', '_sys_menu_item_title_social_sharing', 'javascript:void(0)', 'oBxDolPage.share(this, \'{url_encoded}\')', '', 'share', '', '', 0, 2147483647, '', 1, 0, 300),
('bx_groups_view_actions_all', 'bx_groups', 'edit-group-cover', '_bx_groups_menu_item_title_system_edit_cover', '', '', '', '', '', '', '', 0, 2147483647, '', 1, 0, 400),
('bx_groups_view_actions_all', 'bx_groups', 'edit-group-profile', '_bx_groups_menu_item_title_system_edit_profile', '', '', '', '', '', '', '', 0, 2147483647, '', 1, 0, 410),
('bx_groups_view_actions_all', 'bx_groups', 'edit-group-pricing', '_bx_groups_menu_item_title_system_edit_pricing', '', '', '', '', '', '', '', 0, 2147483647, '', 1, 0, 415),
('bx_groups_view_actions_all', 'bx_groups', 'invite-to-group', '_bx_groups_menu_item_title_system_invite', '', '', '', '', '', '', '', 0, 2147483647, '', 1, 0, 420),
('bx_groups_view_actions_all', 'bx_groups', 'delete-group-profile', '_bx_groups_menu_item_title_system_delete_profile', '', '', '', '', '', '', '', 0, 2147483647, '', 1, 0, 430),
('bx_groups_view_actions_all', 'bx_groups', 'more-auto', '_sys_menu_item_title_system_va_more_auto', '_sys_menu_item_title_va_more_auto', 'javascript:void(0)', '', '', 'ellipsis-v', '', '', 0, 2147483647, '', 1, 0, 9999);

-- MENU: meta (counters) menu for view entry

INSERT INTO `sys_objects_menu`(`object`, `title`, `set_name`, `module`, `template_id`, `deletable`, `active`, `override_class_name`, `override_class_file`) VALUES 
('bx_groups_view_meta', '_bx_groups_menu_title_view_profile_meta', 'bx_groups_view_meta', 'bx_groups', 15, 0, 1, 'BxGroupsMenuViewMeta', 'modules/boonex/groups/classes/BxGroupsMenuViewMeta.php');

INSERT INTO `sys_menu_sets`(`set_name`, `module`, `title`, `deletable`) VALUES 
('bx_groups_view_meta', 'bx_groups', '_bx_groups_menu_set_title_view_profile_meta', 0);

INSERT INTO `sys_menu_items`(`set_name`, `module`, `name`, `title_system`, `title`, `link`, `onclick`, `target`, `icon`, `submenu_object`, `submenu_popup`, `visible_for_levels`, `visibility_custom`, `active`, `copyable`, `order`) VALUES 
('bx_groups_view_meta', 'bx_groups', 'members', '_sys_menu_item_title_system_sm_members', '_sys_menu_item_title_sm_members', '', '', '', '', '', 0, 2147483647, '', 1, 0, 10),
('bx_groups_view_meta', 'bx_groups', 'subscribers', '_sys_menu_item_title_system_sm_subscribers', '_sys_menu_item_title_sm_subscribers', '', '', '', '', '', 0, 2147483647, '', 1, 0, 20),
('bx_groups_view_meta', 'bx_groups', 'views', '_sys_menu_item_title_system_sm_views', '_sys_menu_item_title_sm_views', '', '', '', '', '', 0, 2147483647, '', 1, 0, 30),
('bx_groups_view_meta', 'bx_groups', 'votes', '_sys_menu_item_title_system_sm_votes', '_sys_menu_item_title_sm_votes', '', '', '', '', '', 0, 2147483647, '', 1, 0, 40),
('bx_groups_view_meta', 'bx_groups', 'comments', '_sys_menu_item_title_system_sm_comments', '_sys_menu_item_title_sm_comments', '', '', '', '', '', 0, 2147483647, '', 1, 0, 50);

-- MENU: actions menu for my entries

INSERT INTO `sys_objects_menu`(`object`, `title`, `set_name`, `module`, `template_id`, `deletable`, `active`, `override_class_name`, `override_class_file`) VALUES 
('bx_groups_my', '_bx_groups_menu_title_entries_my', 'bx_groups_my', 'bx_groups', 9, 0, 1, 'BxGroupsMenu', 'modules/boonex/groups/classes/BxGroupsMenu.php');

INSERT INTO `sys_menu_sets`(`set_name`, `module`, `title`, `deletable`) VALUES 
('bx_groups_my', 'bx_groups', '_bx_groups_menu_set_title_entries_my', 0);

INSERT INTO `sys_menu_items`(`set_name`, `module`, `name`, `title_system`, `title`, `link`, `onclick`, `target`, `icon`, `submenu_object`, `visible_for_levels`, `active`, `copyable`, `order`) VALUES 
('bx_groups_my', 'bx_groups', 'create-group-profile', '_bx_groups_menu_item_title_system_create_profile', '_bx_groups_menu_item_title_create_profile', 'page.php?i=create-group-profile', '', '', 'plus', '', 2147483647, 1, 0, 0);

-- MENU: module sub-menu

INSERT INTO `sys_objects_menu`(`object`, `title`, `set_name`, `module`, `template_id`, `deletable`, `active`, `override_class_name`, `override_class_file`) VALUES 
('bx_groups_submenu', '_bx_groups_menu_title_submenu', 'bx_groups_submenu', 'bx_groups', 8, 0, 1, '', '');

INSERT INTO `sys_menu_sets`(`set_name`, `module`, `title`, `deletable`) VALUES 
('bx_groups_submenu', 'bx_groups', '_bx_groups_menu_set_title_submenu', 0);

INSERT INTO `sys_menu_items`(`set_name`, `module`, `name`, `title_system`, `title`, `link`, `onclick`, `target`, `icon`, `submenu_object`, `visible_for_levels`, `active`, `copyable`, `order`) VALUES 
('bx_groups_submenu', 'bx_groups', 'groups-home', '_bx_groups_menu_item_title_system_entries_recent', '_bx_groups_menu_item_title_entries_recent', 'page.php?i=groups-home', '', '', '', '', 2147483647, 1, 1, 1),
('bx_groups_submenu', 'bx_groups', 'groups-top', '_bx_groups_menu_item_title_system_entries_top', '_bx_groups_menu_item_title_entries_top', 'page.php?i=groups-top', '', '', '', '', 2147483647, 1, 1, 2),
('bx_groups_submenu', 'bx_groups', 'groups-search', '_bx_groups_menu_item_title_system_entries_search', '_bx_groups_menu_item_title_entries_search', 'page.php?i=groups-search', '', '', '', '', 2147483647, 1, 1, 3),
('bx_groups_submenu', 'bx_groups', 'groups-joined', '_bx_groups_menu_item_title_system_entries_joined', '_bx_groups_menu_item_title_entries_joined', 'page.php?i=groups-joined', '', '', '', '', 2147483647, 1, 1, 4),
('bx_groups_submenu', 'bx_groups', 'groups-manage', '_bx_groups_menu_item_title_system_entries_manage', '_bx_groups_menu_item_title_entries_manage', 'page.php?i=groups-manage', '', '', '', '', 2147483646, 1, 1, 5);

-- MENU: view submenu

INSERT INTO `sys_objects_menu`(`object`, `title`, `set_name`, `module`, `template_id`, `deletable`, `active`, `override_class_name`, `override_class_file`) VALUES 
('bx_groups_view_submenu', '_bx_groups_menu_title_view_profile_submenu', 'bx_groups_view_submenu', 'bx_groups', 18, 0, 1, 'BxGroupsMenuView', 'modules/boonex/groups/classes/BxGroupsMenuView.php');

INSERT INTO `sys_menu_sets`(`set_name`, `module`, `title`, `deletable`) VALUES 
('bx_groups_view_submenu', 'bx_groups', '_bx_groups_menu_set_title_view_profile_submenu', 0);

INSERT INTO `sys_menu_items`(`set_name`, `module`, `name`, `title_system`, `title`, `link`, `onclick`, `target`, `icon`, `addon`, `submenu_object`, `submenu_popup`, `visible_for_levels`, `active`, `copyable`, `order`) VALUES 
('bx_groups_view_submenu', 'bx_groups', 'view-group-profile', '_bx_groups_menu_item_title_system_view_profile_view', '_bx_groups_menu_item_title_view_profile_view', 'page.php?i=view-group-profile&id={content_id}', '', '', 'users col-red2', '', '', 0, 2147483647, 1, 0, 1),
('bx_groups_view_submenu', 'bx_groups', 'group-profile-info', '_bx_groups_menu_item_title_system_view_profile_info', '_bx_groups_menu_item_title_view_profile_info', 'page.php?i=group-profile-info&id={content_id}', '', '', 'info-circle col-gray', '', '', 0, 2147483647, 1, 0, 2),
('bx_groups_view_submenu', 'bx_groups', 'group-profile-comments', '_bx_groups_menu_item_title_system_view_profile_comments', '_bx_groups_menu_item_title_view_profile_comments', 'page.php?i=group-profile-comments&id={content_id}', '', '', '', '', '', 0, 2147483647, 0, 0, 3),
('bx_groups_view_submenu', 'bx_groups', 'group-fans', '_bx_groups_menu_item_title_system_view_fans', '_bx_groups_menu_item_title_view_fans', 'page.php?i=group-fans&profile_id={profile_id}', '', '', 'users col-blue3', '', '', 0, 2147483647, 1, 0, 4),
('bx_groups_view_submenu', 'bx_groups', 'more-auto', '_bx_groups_menu_item_title_system_view_profile_more_auto', '_bx_groups_menu_item_title_view_profile_more_auto', 'javascript:void(0)', '', '', 'ellipsis-v', '', '', 0, 2147483647, 1, 0, 9999);

-- MENU: custom menu for snippet meta info
INSERT INTO `sys_objects_menu`(`object`, `title`, `set_name`, `module`, `template_id`, `deletable`, `active`, `override_class_name`, `override_class_file`) VALUES 
('bx_groups_snippet_meta', '_sys_menu_title_snippet_meta', 'bx_groups_snippet_meta', 'bx_groups', 15, 0, 1, 'BxGroupsMenuSnippetMeta', 'modules/boonex/groups/classes/BxGroupsMenuSnippetMeta.php');

INSERT INTO `sys_menu_sets`(`set_name`, `module`, `title`, `deletable`) VALUES 
('bx_groups_snippet_meta', 'bx_groups', '_sys_menu_set_title_snippet_meta', 0);

INSERT INTO `sys_menu_items`(`set_name`, `module`, `name`, `title_system`, `title`, `link`, `onclick`, `target`, `icon`, `submenu_object`, `visible_for_levels`, `visibility_custom`, `active`, `copyable`, `editable`, `order`) VALUES
('bx_groups_snippet_meta', 'bx_groups', 'privacy', '_bx_groups_menu_item_title_system_sm_privacy', '_bx_groups_menu_item_title_sm_privacy', '', '', '', '', '', 2147483647, '', 1, 0, 1, 0),
('bx_groups_snippet_meta', 'bx_groups', 'date', '_sys_menu_item_title_system_sm_date', '_sys_menu_item_title_sm_date', '', '', '', '', '', 2147483647, '', 0, 0, 1, 1),
('bx_groups_snippet_meta', 'bx_groups', 'category', '_sys_menu_item_title_system_sm_category', '_sys_menu_item_title_sm_category', '', '', '', '', '', 2147483647, '', 0, 0, 1, 5),
('bx_groups_snippet_meta', 'bx_groups', 'tags', '_sys_menu_item_title_system_sm_tags', '_sys_menu_item_title_sm_tags', '', '', '', '', '', 2147483647, '', 0, 0, 1, 10),
('bx_groups_snippet_meta', 'bx_groups', 'views', '_sys_menu_item_title_system_sm_views', '_sys_menu_item_title_sm_views', '', '', '', '', '', 2147483647, '', 0, 0, 1, 15),
('bx_groups_snippet_meta', 'bx_groups', 'comments', '_sys_menu_item_title_system_sm_comments', '_sys_menu_item_title_sm_comments', '', '', '', '', '', 2147483647, '', 0, 0, 1, 20),
('bx_groups_snippet_meta', 'bx_groups', 'members', '_sys_menu_item_title_system_sm_members', '_sys_menu_item_title_sm_members', '', '', '', '', '', 2147483647, '', 1, 0, 1, 25),
('bx_groups_snippet_meta', 'bx_groups', 'subscribers', '_sys_menu_item_title_system_sm_subscribers', '_sys_menu_item_title_sm_subscribers', '', '', '', '', '', 2147483647, '', 0, 0, 1, 30),
('bx_groups_snippet_meta', 'bx_groups', 'nl', '_sys_menu_item_title_system_sm_nl', '_sys_menu_item_title_sm_nl', '', '', '', '', '', 2147483647, '', 1, 0, 1, 35),
('bx_groups_snippet_meta', 'bx_groups', 'join-paid', '_sys_menu_item_title_system_sm_join_paid', '_sys_menu_item_title_sm_join_paid', '', '', '', '', '', 2147483647, 'a:3:{s:6:"module";s:9:"bx_groups";s:6:"method";s:33:"is_paid_join_avaliable_by_content";s:6:"params";a:1:{i:0;s:12:"{content_id}";}}', 1, 0, 1, 40),
('bx_groups_snippet_meta', 'bx_groups', 'join', '_sys_menu_item_title_system_sm_join', '_sys_menu_item_title_sm_join', '', '', '', '', '', 2147483647, 'a:3:{s:6:"module";s:9:"bx_groups";s:6:"method";s:33:"is_free_join_avaliable_by_content";s:6:"params";a:1:{i:0;s:12:"{content_id}";}}', 1, 0, 1, 45),
('bx_groups_snippet_meta', 'bx_groups', 'leave', '_sys_menu_item_title_system_sm_leave', '_sys_menu_item_title_sm_leave', '', '', '', '', '', 2147483647, '', 0, 0, 1, 50),
('bx_groups_snippet_meta', 'bx_groups', 'subscribe', '_sys_menu_item_title_system_sm_subscribe', '_sys_menu_item_title_sm_subscribe', '', '', '', '', '', 2147483647, '', 0, 0, 1, 55),
('bx_groups_snippet_meta', 'bx_groups', 'unsubscribe', '_sys_menu_item_title_system_sm_unsubscribe', '_sys_menu_item_title_sm_unsubscribe', '', '', '', '', '', 2147483647, '', 0, 0, 1, 60);

-- MENU: profile stats
SET @iNotifMenuOrder = (SELECT IFNULL(MAX(`order`), 0) FROM `sys_menu_items` WHERE `set_name` = 'sys_profile_stats' AND `active` = 1 LIMIT 1);
INSERT INTO `sys_menu_items` (`set_name`, `module`, `name`, `title_system`, `title`, `link`, `onclick`, `target`, `icon`, `addon`, `submenu_object`, `visible_for_levels`, `active`, `copyable`, `order`) VALUES
('sys_profile_stats', 'bx_groups', 'profile-stats-manage-groups', '_bx_groups_menu_item_title_system_manage_my_groups', '_bx_groups_menu_item_title_manage_my_groups', 'page.php?i=groups-manage', '', '_self', 'users col-red2', 'a:2:{s:6:"module";s:9:"bx_groups";s:6:"method";s:41:"get_menu_addon_manage_tools_profile_stats";}', '', 2147483646, 1, 0, @iNotifMenuOrder + 2);

-- MENU: profile followings
SET @iFollowingsMenuOrder = (SELECT IFNULL(MAX(`order`), 0) FROM `sys_menu_items` WHERE `set_name`='sys_profile_followings' LIMIT 1);
INSERT INTO `sys_menu_items`(`set_name`, `module`, `name`, `title_system`, `title`, `link`, `onclick`, `target`, `icon`, `addon`, `submenu_object`, `visible_for_levels`, `collapsed`, `active`, `copyable`, `order`) VALUES 
('sys_profile_followings', 'bx_groups', 'groups', '_bx_groups_menu_item_title_system_followings', '_bx_groups_menu_item_title_followings', 'javascript:void(0)', '', '_self', 'users col-red2', '', '', 2147483647, 1, 1, 0, @iFollowingsMenuOrder + 1);

-- MENU: manage tools submenu
INSERT INTO `sys_objects_menu`(`object`, `title`, `set_name`, `module`, `template_id`, `deletable`, `active`, `override_class_name`, `override_class_file`) VALUES 
('bx_groups_menu_manage_tools', '_bx_groups_menu_title_manage_tools', 'bx_groups_menu_manage_tools', 'bx_groups', 6, 0, 1, 'BxGroupsMenuManageTools', 'modules/boonex/groups/classes/BxGroupsMenuManageTools.php');

INSERT INTO `sys_menu_sets`(`set_name`, `module`, `title`, `deletable`) VALUES 
('bx_groups_menu_manage_tools', 'bx_groups', '_bx_groups_menu_set_title_manage_tools', 0);

INSERT INTO `sys_menu_items`(`set_name`, `module`, `name`, `title_system`, `title`, `link`, `onclick`, `target`, `icon`, `submenu_object`, `visible_for_levels`, `active`, `copyable`, `order`) VALUES 
('bx_groups_menu_manage_tools', 'bx_groups', 'delete', '_bx_groups_menu_item_title_system_delete', '_bx_groups_menu_item_title_delete', 'javascript:void(0)', 'javascript:{js_object}.onClickDelete({content_id});', '_self', 'far trash-alt', '', 2147483647, 1, 0, 1),
('bx_groups_menu_manage_tools', 'bx_groups', 'delete-with-content', '_bx_groups_menu_item_title_system_delete_with_content', '_bx_groups_menu_item_title_delete_with_content', 'javascript:void(0)', 'javascript:{js_object}.onClickDeleteWithContent({content_id});', '_self', 'far trash-alt', '', 2147483647, 1, 0, 2),
('bx_groups_menu_manage_tools', 'bx_groups', 'clear-reports', '_bx_groups_menu_item_title_system_clear_reports', '_bx_groups_menu_item_title_clear_reports', 'javascript:void(0)', 'javascript:{js_object}.onClickClearReports({content_id});', '_self', 'eraser', '', 2147483647, 1, 0, 3);

-- MENU: dashboard manage tools
SET @iManageMenuOrder = (SELECT IFNULL(MAX(`order`), 0) FROM `sys_menu_items` WHERE `set_name`='sys_account_dashboard_manage_tools' LIMIT 1);
INSERT INTO `sys_menu_items`(`set_name`, `module`, `name`, `title_system`, `title`, `link`, `onclick`, `target`, `icon`, `addon`, `submenu_object`, `visible_for_levels`, `active`, `copyable`, `order`) VALUES 
('sys_account_dashboard_manage_tools', 'bx_groups', 'groups-administration', '_bx_groups_menu_item_title_system_admt_groups', '_bx_groups_menu_item_title_admt_groups', 'page.php?i=groups-administration', '', '_self', 'users', 'a:2:{s:6:"module";s:9:"bx_groups";s:6:"method";s:27:"get_menu_addon_manage_tools";}', '', 192, 1, 0, @iManageMenuOrder + 1);

-- MENU: add menu item to profiles modules (trigger* menu sets are processed separately upon modules enable/disable)
INSERT INTO `sys_menu_items`(`set_name`, `module`, `name`, `title_system`, `title`, `link`, `onclick`, `target`, `icon`, `submenu_object`, `visible_for_levels`, `visibility_custom`, `active`, `copyable`, `order`) VALUES 
('trigger_profile_view_submenu', 'bx_groups', 'joined-groups', '_bx_groups_menu_item_title_system_view_joined_groups', '_bx_groups_menu_item_title_view_joined_groups', 'page.php?i=joined-groups&profile_id={profile_id}', '', '', 'users col-red2', '', 2147483647, '', 1, 0, 0),
('trigger_group_view_submenu', 'bx_groups', 'groups-context', '_bx_groups_menu_item_title_system_view_entries_in_context', '_bx_groups_menu_item_title_view_entries_in_context', 'page.php?i=groups-context&profile_id={profile_id}', '', '', 'users col-red2', '', 2147483647, 'a:3:{s:6:"module";s:9:"bx_groups";s:6:"method";s:21:"is_enable_for_context";s:6:"params";a:1:{i:0;s:12:"{profile_id}";}}', 1, 0, 0);

-- ACL
INSERT INTO `sys_acl_actions` (`Module`, `Name`, `AdditionalParamName`, `Title`, `Desc`, `Countable`, `DisabledForLevels`) VALUES
('bx_groups', 'create entry', NULL, '_bx_groups_acl_action_create_profile', '', 1, 1);
SET @iIdActionProfileCreate = LAST_INSERT_ID();

INSERT INTO `sys_acl_actions` (`Module`, `Name`, `AdditionalParamName`, `Title`, `Desc`, `Countable`, `DisabledForLevels`) VALUES
('bx_groups', 'use paid join', NULL, '_bx_groups_acl_action_use_paid_join', '', 1, 1);
SET @iIdActionUsePaidJoin = LAST_INSERT_ID();

INSERT INTO `sys_acl_actions` (`Module`, `Name`, `AdditionalParamName`, `Title`, `Desc`, `Countable`, `DisabledForLevels`) VALUES
('bx_groups', 'delete entry', NULL, '_bx_groups_acl_action_delete_profile', '', 1, 1);
SET @iIdActionProfileDelete = LAST_INSERT_ID();

INSERT INTO `sys_acl_actions` (`Module`, `Name`, `AdditionalParamName`, `Title`, `Desc`, `Countable`, `DisabledForLevels`) VALUES
('bx_groups', 'view entry', NULL, '_bx_groups_acl_action_view_profile', '', 1, 0);
SET @iIdActionProfileView = LAST_INSERT_ID();

INSERT INTO `sys_acl_actions` (`Module`, `Name`, `AdditionalParamName`, `Title`, `Desc`, `Countable`, `DisabledForLevels`) VALUES
('bx_groups', 'edit any entry', NULL, '_bx_groups_acl_action_edit_any_profile', '', 1, 3);
SET @iIdActionProfileEditAny = LAST_INSERT_ID();

INSERT INTO `sys_acl_actions` (`Module`, `Name`, `AdditionalParamName`, `Title`, `Desc`, `Countable`, `DisabledForLevels`) VALUES
('bx_groups', 'delete any entry', NULL, '_bx_groups_acl_action_delete_any_profile', '', 1, 3);
SET @iIdActionProfileDeleteAny = LAST_INSERT_ID();

INSERT INTO `sys_acl_actions` (`Module`, `Name`, `AdditionalParamName`, `Title`, `Desc`, `Countable`, `DisabledForLevels`) VALUES
('bx_groups', 'delete invites', NULL, '_bx_groups_acl_action_delete_invites', '', 1, 3);
SET @iIdActionProfileDeleteInvites = LAST_INSERT_ID();

SET @iUnauthenticated = 1;
SET @iAccount = 2;
SET @iStandard = 3;
SET @iUnconfirmed = 4;
SET @iPending = 5;
SET @iSuspended = 6;
SET @iModerator = 7;
SET @iAdministrator = 8;
SET @iPremium = 9;

INSERT INTO `sys_acl_matrix` (`IDLevel`, `IDAction`) VALUES

-- profile create
(@iAccount, @iIdActionProfileCreate),
(@iStandard, @iIdActionProfileCreate),
(@iUnconfirmed, @iIdActionProfileCreate),
(@iPending, @iIdActionProfileCreate),
(@iModerator, @iIdActionProfileCreate),
(@iAdministrator, @iIdActionProfileCreate),
(@iPremium, @iIdActionProfileCreate),

-- use paid join
(@iStandard, @iIdActionUsePaidJoin),
(@iModerator, @iIdActionUsePaidJoin),
(@iAdministrator, @iIdActionUsePaidJoin),
(@iPremium, @iIdActionUsePaidJoin),

-- profile delete
(@iAccount, @iIdActionProfileDelete),
(@iStandard, @iIdActionProfileDelete),
(@iUnconfirmed, @iIdActionProfileDelete),
(@iPending, @iIdActionProfileDelete),
(@iModerator, @iIdActionProfileDelete),
(@iAdministrator, @iIdActionProfileDelete),
(@iPremium, @iIdActionProfileDelete),

-- profile view
(@iUnauthenticated, @iIdActionProfileView),
(@iAccount, @iIdActionProfileView),
(@iStandard, @iIdActionProfileView),
(@iUnconfirmed, @iIdActionProfileView),
(@iPending, @iIdActionProfileView),
(@iModerator, @iIdActionProfileView),
(@iAdministrator, @iIdActionProfileView),
(@iPremium, @iIdActionProfileView),

-- any profile edit
(@iModerator, @iIdActionProfileEditAny),
(@iAdministrator, @iIdActionProfileEditAny),

-- any profile delete
(@iAdministrator, @iIdActionProfileDeleteAny),

-- any invites edit
(@iModerator, @iIdActionProfileDeleteInvites),
(@iAdministrator, @iIdActionProfileDeleteInvites);


-- METATAGS
INSERT INTO `sys_objects_metatags` (`object`, `table_keywords`, `table_locations`, `table_mentions`, `override_class_name`, `override_class_file`) VALUES
('bx_groups', 'bx_groups_meta_keywords', 'bx_groups_meta_locations', 'bx_groups_meta_mentions', '', '');

-- CATEGORY
INSERT INTO `sys_objects_category` (`object`, `search_object`, `form_object`, `list_name`, `table`, `field`, `join`, `where`, `override_class_name`, `override_class_file`) VALUES
('bx_groups_cats', 'bx_groups', 'bx_group', 'bx_groups_cats', 'bx_groups_data', 'group_cat', 'INNER JOIN `sys_profiles` ON (`sys_profiles`.`content_id` = `bx_groups_data`.`id` AND `sys_profiles`.`type` = ''bx_groups'')', 'AND `sys_profiles`.`status` = ''active''', '', '');

-- SEARCH
SET @iSearchOrder = (SELECT IFNULL(MAX(`Order`), 0) FROM `sys_objects_search`);
INSERT INTO `sys_objects_search` (`ObjectName`, `Title`, `Order`, `ClassName`, `ClassPath`) VALUES
('bx_groups', '_bx_groups', @iSearchOrder + 1, 'BxGroupsSearchResult', 'modules/boonex/groups/classes/BxGroupsSearchResult.php');

-- CONNECTIONS
INSERT INTO `sys_objects_connection` (`object`, `table`, `type`, `override_class_name`, `override_class_file`) VALUES
('bx_groups_fans', 'bx_groups_fans', 'mutual', '', '');

-- STATS
SET @iMaxOrderStats = (SELECT IFNULL(MAX(`order`), 0) FROM `sys_statistics`);
INSERT INTO `sys_statistics` (`module`, `name`, `title`, `link`, `icon`, `query`, `order`) VALUES 
('bx_groups', 'bx_groups', '_bx_groups', 'page.php?i=groups-home', 'users col-red2', 'SELECT COUNT(*) FROM `bx_groups_data` AS `td` LEFT JOIN `sys_profiles` AS `tp` ON `td`.`id` = `tp`.`content_id` AND `tp`.`type`=''bx_groups'' WHERE 1 AND `tp`.`status`=''active''', @iMaxOrderStats + 1);

-- CHARTS
SET @iMaxOrderCharts = (SELECT IFNULL(MAX(`order`), 0) FROM `sys_objects_chart`);
INSERT INTO `sys_objects_chart` (`object`, `title`, `table`, `field_date_ts`, `field_date_dt`, `field_status`, `query`, `active`, `order`, `class_name`, `class_file`) VALUES
('bx_groups_growth', '_bx_groups_chart_growth', 'bx_groups_data', 'added', '', '', 'SELECT {field_date_formatted} AS `period`, COUNT(*) AS {object} FROM {table} LEFT JOIN `sys_profiles` AS `tp` ON {table}.`id` = `tp`.`content_id` AND `tp`.`type`=''bx_groups'' WHERE 1 AND `tp`.`status`=''active'' {where_inteval} GROUP BY `period` ORDER BY {table}.{field_date} ASC', 1, @iMaxOrderCharts + 1, 'BxDolChartGrowth', ''),
('bx_groups_growth_speed', '_bx_groups_chart_growth_speed', 'bx_groups_data', 'added', '', '', 'SELECT {field_date_formatted} AS `period`, COUNT(*) AS {object} FROM {table} LEFT JOIN `sys_profiles` AS `tp` ON {table}.`id` = `tp`.`content_id` AND `tp`.`type`=''bx_groups'' WHERE 1 AND `tp`.`status`=''active'' {where_inteval} GROUP BY `period` ORDER BY {table}.{field_date} ASC', 1, @iMaxOrderCharts + 2, 'BxDolChartGrowthSpeed', '');

-- GRID: connections
INSERT INTO `sys_objects_grid` (`object`, `source_type`, `source`, `table`, `field_id`, `field_order`, `field_active`, `paginate_url`, `paginate_per_page`, `paginate_simple`, `paginate_get_start`, `paginate_get_per_page`, `filter_fields`, `filter_fields_translatable`, `filter_mode`, `sorting_fields`, `sorting_fields_translatable`, `visible_for_levels`, `responsive`, `override_class_name`, `override_class_file`) VALUES
('bx_groups_fans', 'Sql', 'SELECT `p`.`id`, `c`.`added`, `c`.`mutual` FROM `sys_profiles` AS `p` INNER JOIN `sys_accounts` AS `a` ON (`a`.`id` = `p`.`account_id`) {join_connections}', 'sys_profiles', 'id', 'c`.`added', '', '', 10, NULL, 'start', '', 'name,email', '', 'auto', '', '', 2147483647, 1, 'BxGroupsGridConnections', 'modules/boonex/groups/classes/BxGroupsGridConnections.php');

INSERT INTO `sys_grid_fields` (`object`, `name`, `title`, `width`, `params`, `order`) VALUES
('bx_groups_fans', 'name', '_sys_name', '50%', '', 10),
('bx_groups_fans', 'role', '_bx_groups_txt_role', '10%', '', 15),
('bx_groups_fans', 'role_added', '_bx_groups_txt_role_added', '10%', '', 16),
('bx_groups_fans', 'role_expired', '_bx_groups_txt_role_expired', '10%', '', 17),
('bx_groups_fans', 'actions', '', '20%', '', 20);

INSERT INTO `sys_grid_actions` (`object`, `type`, `name`, `title`, `icon`, `confirm`, `order`) VALUES
('bx_groups_fans', 'single', 'accept', '_sys_accept', '', 0, 10),
('bx_groups_fans', 'single', 'set_role', '_bx_groups_txt_set_role', '', 0, 20),
('bx_groups_fans', 'single', 'set_role_submit', '', '', 0, 21),
('bx_groups_fans', 'single', 'delete', '', 'remove', 1, 40);


-- GRID: invites
INSERT INTO `sys_objects_grid` (`object`, `source_type`, `source`, `table`, `field_id`, `field_order`, `field_active`, `paginate_url`, `paginate_per_page`, `paginate_simple`, `paginate_get_start`, `paginate_get_per_page`, `filter_fields`, `filter_fields_translatable`, `filter_mode`, `sorting_fields`, `sorting_fields_translatable`, `visible_for_levels`, `responsive`, `override_class_name`, `override_class_file`) VALUES
('bx_groups_invites', 'Sql', 'SELECT `bx_groups_invites`.`id`, `bx_groups_invites`.`invited_profile_id`, `bx_groups_invites`.`added`, `bx_groups_invites`.`author_profile_id` FROM `sys_profiles` AS `p` INNER JOIN `sys_accounts` AS `a` ON (`a`.`id` = `p`.`account_id`) INNER JOIN `bx_groups_invites` ON `bx_groups_invites`.`invited_profile_id` = `p`.`id` ', 'bx_groups_invites', 'id', 'bx_groups_invites`.`added', '', '', 10, NULL, 'start', '', 'name,email', '', 'auto', '', '', 2147483647, 0, 'BxGroupsGridInvites', 'modules/boonex/groups/classes/BxGroupsGridInvites.php');

INSERT INTO `sys_grid_fields` (`object`, `name`, `title`, `width`, `params`, `order`) VALUES
('bx_groups_invites', 'name', '_sys_name', '33%', '', 10),
('bx_groups_invites', 'added', '_sys_added', '33%', '', 20),
('bx_groups_invites', 'actions', '', '34%', '', 30);

INSERT INTO `sys_grid_actions` (`object`, `type`, `name`, `title`, `icon`, `confirm`, `order`) VALUES
('bx_groups_invites', 'single', 'delete', '', 'remove', 1, 10);


-- GRIDS: administration

INSERT INTO `sys_objects_grid` (`object`, `source_type`, `source`, `table`, `field_id`, `field_order`, `field_active`, `paginate_url`, `paginate_per_page`, `paginate_simple`, `paginate_get_start`, `paginate_get_per_page`, `filter_fields`, `filter_fields_translatable`, `filter_mode`, `sorting_fields`, `sorting_fields_translatable`, `visible_for_levels`, `override_class_name`, `override_class_file`) VALUES
('bx_groups_administration', 'Sql', 'SELECT `td`.*, `td`.`group_name` AS `name`, `ta`.`email` AS `account`, `td`.`added` AS `added_ts`, `tp`.`status` AS `status` FROM `bx_groups_data` AS `td` LEFT JOIN `sys_profiles` AS `tp` ON `td`.`id`=`tp`.`content_id` AND `tp`.`type`=''bx_groups'' LEFT JOIN `sys_accounts` AS `ta` ON `tp`.`account_id`=`ta`.`id` WHERE 1 ', 'bx_groups_data', 'id', 'added', 'status', '', 20, NULL, 'start', '', 'group_name', '', 'like', 'reports', '', 192, 'BxGroupsGridAdministration', 'modules/boonex/groups/classes/BxGroupsGridAdministration.php'),
('bx_groups_common', 'Sql', 'SELECT `td`.*, `td`.`group_name` AS `name`, `ta`.`email` AS `account`, `td`.`added` AS `added_ts`, `tp`.`status` AS `status` FROM `bx_groups_data` AS `td` LEFT JOIN `sys_profiles` AS `tp` ON `td`.`id`=`tp`.`content_id` AND `tp`.`type`=''bx_groups'' LEFT JOIN `sys_accounts` AS `ta` ON `tp`.`account_id`=`ta`.`id` WHERE 1 ', 'bx_groups_data', 'id', 'added', 'status', '', 20, NULL, 'start', '', 'group_name', '', 'like', '', '', 2147483647, 'BxGroupsGridCommon', 'modules/boonex/groups/classes/BxGroupsGridCommon.php');

INSERT INTO `sys_grid_fields` (`object`, `name`, `title`, `width`, `translatable`, `chars_limit`, `params`, `order`) VALUES
('bx_groups_administration', 'checkbox', '_sys_select', '2%', 0, '', '', 1),
('bx_groups_administration', 'switcher', '_bx_groups_grid_column_title_adm_active', '8%', 0, '', '', 2),
('bx_groups_administration', 'reports', '_sys_txt_reports_title', '5%', 0, '', '', 3),
('bx_groups_administration', 'name', '_bx_groups_grid_column_title_adm_name', '25%', 0, '', '', 4),
('bx_groups_administration', 'added_ts', '_bx_groups_grid_column_title_adm_added', '20%', 1, '25', '', 5),
('bx_groups_administration', 'account', '_bx_groups_grid_column_title_adm_account', '20%', 0, '25', '', 6),
('bx_groups_administration', 'actions', '', '20%', 0, '', '', 7),
('bx_groups_common', 'checkbox', '_sys_select', '2%', 0, '', '', 1),
('bx_groups_common', 'name', '_bx_groups_grid_column_title_adm_name', '48%', 0, '', '', 2),
('bx_groups_common', 'added_ts', '_bx_groups_grid_column_title_adm_added', '30%', 1, '25', '', 3),
('bx_groups_common', 'actions', '', '20%', 0, '', '', 4);

INSERT INTO `sys_grid_actions` (`object`, `type`, `name`, `title`, `icon`, `icon_only`, `confirm`, `order`) VALUES
('bx_groups_administration', 'bulk', 'delete', '_bx_groups_grid_action_title_adm_delete', '', 0, 1, 2),
('bx_groups_administration', 'bulk', 'delete_with_content', '_bx_groups_grid_action_title_adm_delete_with_content', '', 0, 1, 3),
('bx_groups_administration', 'bulk', 'clear_reports', '_bx_groups_grid_action_title_adm_clear_reports', '', 0, 1, 4),
('bx_groups_administration', 'single', 'settings', '_bx_groups_grid_action_title_adm_more_actions', 'cog', 1, 0, 2),
('bx_groups_administration', 'single', 'audit_content', '_bx_groups_grid_action_title_adm_audit_content', 'search', 1, 0, 3),
('bx_groups_administration', 'single', 'audit_context', '_bx_groups_grid_action_title_adm_audit_context', 'search-location', 1, 0, 4),
('bx_groups_common', 'bulk', 'delete', '_bx_groups_grid_action_title_adm_delete', '', 0, 1, 1),
('bx_groups_common', 'bulk', 'delete_with_content', '_bx_groups_grid_action_title_adm_delete_with_content', '', 0, 1, 2),
('bx_groups_common', 'single', 'settings', '_bx_groups_grid_action_title_adm_more_actions', 'cog', 1, 0, 1);

-- GRIDS: Pricing
INSERT INTO `sys_objects_grid` (`object`, `source_type`, `source`, `table`, `field_id`, `field_order`, `field_active`, `paginate_url`, `paginate_per_page`, `paginate_simple`, `paginate_get_start`, `paginate_get_per_page`, `filter_fields`, `filter_fields_translatable`, `filter_mode`, `sorting_fields`, `sorting_fields_translatable`, `visible_for_levels`, `override_class_name`, `override_class_file`) VALUES
('bx_groups_prices_manage', 'Sql', 'SELECT * FROM `bx_groups_prices` WHERE 1 ', 'bx_groups_prices', 'id', 'order', '', '', 100, NULL, 'start', '', 'period,period_unit,price', '', 'like', '', '', 2147483647, 'BxGroupsGridPricesManage', 'modules/boonex/groups/classes/BxGroupsGridPricesManage.php'),
('bx_groups_prices_view', 'Sql', 'SELECT * FROM `bx_groups_prices` WHERE 1 ', 'bx_groups_prices', 'id', 'order', '', '', 100, NULL, 'start', '', 'period,period_unit,price', '', 'like', '', '', 2147483647, 'BxGroupsGridPricesView', 'modules/boonex/groups/classes/BxGroupsGridPricesView.php');

INSERT INTO `sys_grid_fields` (`object`, `name`, `title`, `width`, `translatable`, `chars_limit`, `params`, `order`) VALUES
('bx_groups_prices_manage', 'checkbox', '_sys_select', '1%', 0, '', '', 1),
('bx_groups_prices_manage', 'order', '', '1%', 0, '', '', 2),
('bx_groups_prices_manage', 'name', '_bx_groups_grid_column_title_name', '38%', 0, 32, '', 3),
('bx_groups_prices_manage', 'price', '_bx_groups_grid_column_title_price', '20%', 0, 16, '', 4),
('bx_groups_prices_manage', 'period', '_bx_groups_grid_column_title_period', '20%', 0, 16, '', 5),
('bx_groups_prices_manage', 'actions', '', '20%', 0, '', '', 6),

('bx_groups_prices_view', 'role_id', '_bx_groups_grid_column_title_role_id', '40%', 0, 32, '', 1),
('bx_groups_prices_view', 'price', '_bx_groups_grid_column_title_price', '20%', 0, 16, '', 2),
('bx_groups_prices_view', 'period', '_bx_groups_grid_column_title_period', '20%', 0, 16, '', 3),
('bx_groups_prices_view', 'actions', '', '20%', 0, '', '', 4);

INSERT INTO `sys_grid_actions` (`object`, `type`, `name`, `title`, `icon`, `icon_only`, `confirm`, `order`) VALUES
('bx_groups_prices_manage', 'independent', 'add', '_bx_groups_grid_action_title_add', '', 0, 0, 1),
('bx_groups_prices_manage', 'single', 'edit', '_bx_groups_grid_action_title_edit', 'pencil-alt', 1, 0, 1),
('bx_groups_prices_manage', 'single', 'delete', '_bx_groups_grid_action_title_delete', 'remove', 1, 1, 2),
('bx_groups_prices_manage', 'bulk', 'delete', '_bx_groups_grid_action_title_delete', '', 0, 1, 1),

('bx_groups_prices_view', 'single', 'buy', '_bx_groups_grid_action_title_buy', 'cart-plus', 0, 0, 1),
('bx_groups_prices_view', 'single', 'subscribe', '_bx_groups_grid_action_title_subscribe', 'credit-card', 0, 0, 2),
('bx_groups_prices_view', 'single', 'choose', '_bx_groups_grid_action_title_choose', 'far check-square', 0, 0, 3);


-- ALERTS

INSERT INTO `sys_alerts_handlers` (`name`, `class`, `file`, `service_call`) VALUES 
('bx_groups', 'BxGroupsAlertsResponse', 'modules/boonex/groups/classes/BxGroupsAlertsResponse.php', '');
SET @iHandler := LAST_INSERT_ID();

INSERT INTO `sys_alerts` (`unit`, `action`, `handler_id`) VALUES
('system', 'save_setting', @iHandler),
('bx_timeline', 'post_common', @iHandler),
('bx_groups_pics', 'file_deleted', @iHandler),
('bx_groups_fans', 'connection_added', @iHandler),
('bx_groups_fans', 'connection_removed', @iHandler),
('profile', 'delete', @iHandler),
('bx_groups', 'fan_added', @iHandler),
('bx_groups', 'join_invitation', @iHandler),
('bx_groups', 'join_request', @iHandler),
('bx_groups', 'join_request_accepted', @iHandler),
('bx_groups', 'timeline_view', @iHandler),
('bx_groups', 'timeline_post', @iHandler),
('bx_groups', 'timeline_delete', @iHandler),
('bx_groups', 'timeline_comment', @iHandler),
('bx_groups', 'timeline_vote', @iHandler),
('bx_groups', 'timeline_score', @iHandler),
('bx_groups', 'timeline_report', @iHandler),
('bx_groups', 'timeline_repost', @iHandler),
('bx_groups', 'timeline_pin', @iHandler),
('bx_groups', 'timeline_promote', @iHandler);

-- PRIVACY 

INSERT INTO `sys_objects_privacy` (`object`, `module`, `action`, `title`, `default_group`, `spaces`, `table`, `table_field_id`, `table_field_author`, `override_class_name`, `override_class_file`) VALUES
('bx_groups_allow_view_to', 'bx_groups', 'view', '_bx_groups_form_profile_input_allow_view_to', '3', 'bx_events,bx_spaces', 'bx_groups_data', 'id', 'author', 'BxGroupsPrivacy', 'modules/boonex/groups/classes/BxGroupsPrivacy.php'),
('bx_groups_allow_view_notification_to', 'bx_groups', 'view_event', '_bx_groups_form_profile_input_allow_view_notification_to', '3', '', 'bx_notifications_events', 'id', 'object_owner_id', 'BxGroupsPrivacyNotifications', 'modules/boonex/groups/classes/BxGroupsPrivacyNotifications.php'),
('bx_groups_allow_post_to', 'bx_groups', 'post', '_bx_groups_form_profile_input_allow_post_to', 'p', '', 'bx_groups_data', 'id', 'author', 'BxGroupsPrivacyPost', 'modules/boonex/groups/classes/BxGroupsPrivacyPost.php'),
('bx_groups_allow_view_favorite_list', 'bx_groups', 'view_favorite_list', '_bx_groups_form_profile_input_allow_view_favorite_list', '3', '', 'bx_groups_favorites_lists', 'id', 'author_id', 'BxGroupsPrivacy', 'modules/boonex/groups/classes/BxGroupsPrivacy.php');
-- EMAIL TEMPLATES

INSERT INTO `sys_email_templates` (`Module`, `NameSystem`, `Name`, `Subject`, `Body`) VALUES
('bx_groups', '_bx_groups_email_join_request', 'bx_groups_join_request', '_bx_groups_email_join_request_subject', '_bx_groups_email_join_request_body'),
('bx_groups', '_bx_groups_email_join_reject', 'bx_groups_join_reject', '_bx_groups_email_join_reject_subject', '_bx_groups_email_join_reject_body'),
('bx_groups', '_bx_groups_email_join_confirm', 'bx_groups_join_confirm', '_bx_groups_email_join_confirm_subject', '_bx_groups_email_join_confirm_body'),
('bx_groups', '_bx_groups_email_fan_remove', 'bx_groups_fan_remove', '_bx_groups_email_fan_remove_subject', '_bx_groups_email_fan_remove_body'),
('bx_groups', '_bx_groups_email_fan_become_admin', 'bx_groups_fan_become_admin', '_bx_groups_email_fan_become_admin_subject', '_bx_groups_email_fan_become_admin_body'),
('bx_groups', '_bx_groups_email_admin_become_fan', 'bx_groups_admin_become_fan', '_bx_groups_email_admin_become_fan_subject', '_bx_groups_email_admin_become_fan_body'),
('bx_groups', '_bx_groups_email_set_role', 'bx_groups_set_role', '_bx_groups_email_set_role_subject', '_bx_groups_email_set_role_body'),
('bx_groups', '_bx_groups_email_invitation', 'bx_groups_invitation', '_bx_groups_email_invitation_subject', '_bx_groups_email_invitation_body');

-- UPLOADERS

INSERT INTO `sys_objects_uploader` (`object`, `active`, `override_class_name`, `override_class_file`) VALUES
('bx_groups_cover_crop', 1, 'BxGroupsUploaderCoverCrop', 'modules/boonex/groups/classes/BxGroupsUploaderCoverCrop.php'),
('bx_groups_picture_crop', 1, 'BxGroupsUploaderPictureCrop', 'modules/boonex/groups/classes/BxGroupsUploaderPictureCrop.php');


-- CRON
INSERT INTO `sys_cron_jobs` (`name`, `time`, `class`, `file`, `service_call`) VALUES
('bx_groups_pruning', '0 0 * * *', 'BxGroupsCronPruning', 'modules/boonex/groups/classes/BxGroupsCronPruning.php', '');
